rs,chrom,pos,P.value,maf,effect
S1A_PART1_309760960,1,309760960,0.0018171364276881,NA,0.129954733073022
S1A_PART2_28560415,1,499864420,0.00776626743396011,NA,-0.0795103376483105
S1A_PART2_28560427,1,499864432,0.00494832027888949,NA,-0.0809102645738844
S1A_PART2_50637386,1,521941391,0.00314733745802249,NA,0.0984692434103107
S1A_PART2_50673886,1,521977891,0.00121200629353317,NA,0.0864622628225822
S1A_PART2_50885594,1,522189599,0.00295078315388063,NA,0.0793387984139515
S1A_PART2_53085478,1,524389483,0.00281307094021732,NA,0.0802147455392862
S1A_PART2_55896581,1,527200586,0.00232424992130244,NA,0.0814962133881394
S2A_PART1_37227227,2,37227227,0.00476957108536752,NA,0.207685528721815
S2A_PART1_92311956,2,92311956,0.00382087606063136,NA,-0.302117750475402
S2A_PART2_232777306,2,695153479,0.00990222446158215,NA,-0.318668740363333
S2A_PART2_232784889,2,695161062,0.00976961012338052,NA,-0.0838405544770096
S2A_PART2_237535919,2,699912092,0.00925760387748451,NA,-0.082210762924763
S2A_PART2_243843895,2,706220068,0.00437733085749556,NA,-0.0832487192945676
S2A_PART2_249942033,2,712318206,0.00778051700886646,NA,-0.335602663893648
S2A_PART2_265245942,2,727622115,0.00620512920753479,NA,-0.180405277853295
S2A_PART2_306170121,2,768546294,0.00748874467430903,NA,-0.208703635603914
S3A_PART1_7472514,3,7472514,0.0022868024342298,NA,-0.18898994469936
S3A_PART1_24751357,3,24751357,0.0059116049987455,NA,0.168299113614868
S3A_PART1_25241981,3,25241981,0.00112659513021947,NA,0.123638125142532
S3A_PART1_25896725,3,25896725,0.00131168553808949,NA,0.125712810285043
S3A_PART2_258237740,3,712341710,0.00478709341451077,NA,0.222107155676503
S3A_PART2_274216919,3,728320889,0.00361201991337267,NA,-0.121614223008006
S3A_PART2_277636847,3,731740817,0.00797003373225093,NA,0.206372856625869
S4A_PART2_159888988,4,612444080,0.00303098918646556,NA,-0.087823778698451
S4A_PART2_168227979,4,620783071,0.00325046415860941,NA,0.0848944916149391
S4A_PART2_207123722,4,659678814,0.0074685525314742,NA,-0.0936529152394065
S4A_PART2_207650041,4,660205133,0.0040592573107496,NA,-0.0998014474951179
S4A_PART2_207900517,4,660455609,0.005103594818601,NA,-0.0977041968770097
S4A_PART2_208236140,4,660791232,0.00268245989207706,NA,-0.107179586443097
S4A_PART2_208236180,4,660791272,0.00223770372658364,NA,-0.109805947548291
S4A_PART2_215768293,4,668323385,0.00438698553488522,NA,-0.269751756652949
S4A_PART2_218387978,4,670943070,0.00934043202571196,NA,-0.238469666717923
S4A_PART2_218387987,4,670943079,0.00984943873206279,NA,-0.253622221487625
S4A_PART2_219958649,4,672513741,0.00742173242826569,NA,-0.191618113457657
S4A_PART2_220483177,4,673038269,0.00652425518124069,NA,-0.20075083624981
S4A_PART2_220483360,4,673038452,0.00727425608970658,NA,-0.201023592386518
S4A_PART2_220483392,4,673038484,0.00314578762514757,NA,-0.297026617472324
S4A_PART2_220773070,4,673328162,0.000989751945631543,NA,-0.259874634550979
S4A_PART2_220796431,4,673351523,0.00427034866990531,NA,-0.221307965444346
S4A_PART2_275523906,4,728078998,0.00824285307950263,NA,-0.100008438044031
S5A_PART1_18813137,5,18813137,0.00416038004653105,NA,-0.0744116316064247
S5A_PART1_18857907,5,18857907,0.00168143416064741,NA,-0.159688155807945
S5A_PART1_19682318,5,19682318,0.00466122966818659,NA,-0.100864570975437
S5A_PART1_36249636,5,36249636,0.000181362304837788,NA,0.126113916928611
S5A_PART1_395681218,5,395681218,0.00994131543032018,NA,-0.0868720096988371
S5A_PART2_23177472,5,476407991,0.00361167662871348,NA,0.0684667649865372
S5A_PART2_127046238,5,580276757,0.00095202176446036,NA,0.217204089599234
S5A_PART2_129728411,5,582958930,0.00580756822943512,NA,0.160295916973305
S5A_PART2_129800832,5,583031351,0.00187973743366063,NA,0.166608732392649
S5A_PART2_161178193,5,614408712,0.00893283028492077,NA,0.346631815956107
S5A_PART2_161658067,5,614888586,0.0034520965234652,NA,0.407442631500877
S5A_PART2_161956331,5,615186850,0.0034278559573332,NA,0.376746659062972
S5A_PART2_216226645,5,669457164,0.000420254245309037,NA,-0.135301154062021
S5A_PART2_218218657,5,671449176,0.00748342069206832,NA,0.188326947361469
S6A_PART1_1625156,6,1625156,0.00988528024023189,NA,-0.0794377230276436
S6A_PART1_1625317,6,1625317,0.00516661282168837,NA,-0.0904550374279793
S6A_PART1_2714112,6,2714112,0.0030598122208508,NA,-0.300073024260296
S6A_PART1_2973085,6,2973085,0.00315022664511807,NA,0.117780895926156
S6A_PART1_3909051,6,3909051,0.00967899526397349,NA,0.103184099241507
S6A_PART1_50719553,6,50719553,0.000537651907109666,NA,0.0777183288561923
S6A_PART2_88178189,6,540619045,0.00130400503893776,NA,-0.196903866527861
S6A_PART2_121425198,6,573866054,0.00825387459721785,NA,0.206317049271933
S6A_PART2_150473225,6,602914081,0.00411351471555783,NA,-0.118626710485099
S6A_PART2_150548437,6,602989293,0.0087892161959323,NA,-0.108178671605392
S6A_PART2_164878095,6,617318951,0.000421420401429242,NA,-0.113263967423031
S7A_PART1_1859120,7,1859120,0.00718914224860848,NA,0.0944778647629337
S7A_PART1_6849552,7,6849552,0.00545134802912149,NA,0.448676521447923
S7A_PART1_34118331,7,34118331,0.00411518338595678,NA,-0.173101352735125
S7A_PART1_91721707,7,91721707,0.00591954578470965,NA,0.161947857234312
S7A_PART1_91721738,7,91721738,0.00416773796693885,NA,0.162827458500503
S7A_PART1_91722848,7,91722848,0.00798290032787392,NA,0.151761686134462
S7A_PART1_91910635,7,91910635,0.00305772732008863,NA,0.113905587435828
S7A_PART1_110420629,7,110420629,0.00510350922992509,NA,0.113061520859163
S7A_PART1_222638683,7,222638683,0.00845091222778385,NA,-0.256813795268378
S7A_PART2_68707084,7,518754070,0.00572172075149432,NA,0.098294405710787
S7A_PART2_88266698,7,538313684,0.00756390613607738,NA,0.109079570352061
S7A_PART2_278454897,7,728501883,0.00735319633950671,NA,-0.0712370204831002
S1B_PART1_329376610,8,329376610,1.61904552952575e-06,NA,-0.12166685003093
S1B_PART2_87551669,8,526271823,0.00959770377892869,NA,0.0977815004403522
S1B_PART2_88030387,8,526750541,0.00205234480931966,NA,0.115171013881546
S1B_PART2_138891296,8,577611450,1.44789720064476e-06,NA,-0.140785325967112
S1B_PART2_154273624,8,592993778,0.000170918297911574,NA,0.188607059525689
S1B_PART2_237347639,8,676067793,0.00756174441071039,NA,0.20755298123271
S2B_PART1_2416583,9,2416583,0.00918059646272291,NA,-0.199719691644601
S2B_PART1_2522705,9,2522705,0.00511280863834493,NA,-0.223380634422397
S2B_PART1_5042252,9,5042252,0.00176105056490171,NA,-0.157616882670158
S2B_PART1_15462146,9,15462146,0.00775239481948352,NA,-0.131590031042424
S2B_PART1_56189530,9,56189530,0.0096878223365825,NA,-0.207587686864764
S2B_PART1_174831760,9,174831760,5.32935254954509e-10,NA,-0.152701478852637
S2B_PART1_250263374,9,250263374,0.00795256771835247,NA,-0.095847328591475
S2B_PART1_360442986,9,360442986,0.00501937406887112,NA,0.0513040217358464
S2B_PART2_172867942,9,626086866,0.00290252199895608,NA,0.314564469242926
S2B_PART2_187119194,9,640338118,0.00787890738965311,NA,0.225974159119416
S2B_PART2_209337937,9,662556861,0.0056427908132613,NA,0.344361456994752
S2B_PART2_209913779,9,663132703,0.00545285463056573,NA,0.147257536323758
S2B_PART2_210989918,9,664208842,0.00402464506625453,NA,0.151007143096042
S2B_PART2_214573141,9,667792065,0.00949385490824187,NA,0.165109610334312
S2B_PART2_237567425,9,690786349,0.000183359041666841,NA,-0.227359862019705
S2B_PART2_318839531,9,772058455,0.00244756421836974,NA,-0.210261667579566
S2B_PART2_320247016,9,773465940,0.00176010342849726,NA,-0.21836691318117
S2B_PART2_320521638,9,773740562,0.00951258625606542,NA,-0.0751820592626875
S2B_PART2_320680214,9,773899138,0.00392724373944208,NA,-0.196979129639262
S2B_PART2_321280737,9,774499661,0.00121265181379206,NA,-0.227804586920133
S3B_PART1_377109192,10,377109192,2.19920829965613e-06,NA,0.329845327274076
S3B_PART2_30166976,10,478322245,0.000189818285455986,NA,-0.1076256751803
S3B_PART2_222097113,10,670252382,0.00570488987777091,NA,-0.0751648910033186
S3B_PART2_304093741,10,752249010,0.00885180618343938,NA,-0.162686562837326
S3B_PART2_309325483,10,757480752,5.85315861734232e-07,NA,-0.741216172043937
S3B_PART2_315299644,10,763454913,0.00130941987510296,NA,-0.0990915382819126
S3B_PART2_315530960,10,763686229,0.00485544454520575,NA,-0.0860050950922664
S3B_PART2_315530982,10,763686251,0.00776232420458721,NA,-0.0667244629274057
S3B_PART2_315537818,10,763693087,0.000702741976278245,NA,-0.104156091634788
S3B_PART2_361187623,10,809342892,0.00291362877815893,NA,0.247979347873704
S4B_PART1_622455,11,622455,0.00948025531388448,NA,-0.0934389875614278
S4B_PART1_3287966,11,3287966,0.0088214515306742,NA,0.0694647422071339
S4B_PART2_106704921,11,557719172,0.00641144736600834,NA,0.286672534534997
S4B_PART2_154668890,11,605683141,0.00629783672431029,NA,0.132503360053228
S4B_PART2_160680736,11,611694987,0.00897187840322084,NA,0.130006521466615
S5B_PART1_48860592,12,48860592,0.00632215189736114,NA,-0.106909228505762
S5B_PART1_57881904,12,57881904,0.00624483507350227,NA,-0.100811189953789
S5B_PART1_57881957,12,57881957,0.00127954111618422,NA,-0.120412463859917
S5B_PART2_42346144,12,493719016,0.00568095329442019,NA,-0.300132504550086
S5B_PART2_85215365,12,536588237,0.00650931977855894,NA,0.0928686368094343
S5B_PART2_210529883,12,661902755,7.54033175059252e-05,NA,-0.0970635819668318
S5B_PART2_256104467,12,707477339,0.00854956571539007,NA,0.110030587949973
S6B_PART1_15806214,13,15806214,0.0016294588054423,NA,0.320100896672091
S6B_PART1_197676484,13,197676484,0.00105928332822511,NA,-0.293669613269477
S6B_PART1_304154668,13,304154668,0.00808753902093103,NA,-0.477931152569387
S6B_PART1_314022295,13,314022295,7.92898273326347e-05,NA,0.123004467396747
S6B_PART2_172809458,13,624886655,0.00843737847380594,NA,-0.120792991849847
S6B_PART2_239059913,13,691137110,0.00728294873629145,NA,-0.0850925737463706
S7B_PART2_211555919,14,665378556,3.25339973583485e-07,NA,0.855547706863825
S1D_PART2_16619049,15,468798653,0.00404127043695655,NA,-0.186541055366018
S2D_PART1_13207992,16,13207992,0.00055741702789057,NA,0.0746821406002333
S2D_PART1_118809546,16,118809546,0.00789487187047175,NA,0.217854421983703
S3D_PART1_18128574,17,18128574,0.00538683086791526,NA,-0.102731613635787
S3D_PART2_120486859,17,596722218,0.00861749684682284,NA,-0.209037863154228
S5D_PART1_143735165,19,143735165,0.00877843224848649,NA,-0.397779109967183
S6D_PART1_1853412,20,1853412,0.00555171463979643,NA,-0.0733692716375723
S6D_PART1_5174091,20,5174091,0.00125181926267916,NA,0.285170056030721
S6D_PART1_25502238,20,25502238,0.00527666344362403,NA,0.183497298531878
S6D_PART2_9959202,20,460468326,6.45824563470283e-05,NA,0.0898608486913019
