"","taxa","PC1","PC2","PC3","PC4"
"1","cuGS1000",-27.4970443333663,-11.1040034265981,2.62409592282087,-17.5526054959378
"2","cuGS1001",-26.0929627180139,-8.31166692360417,0.422680937305765,-15.5857798979555
"3","cuGS1002",-23.073464114665,-7.47572726317731,2.25256548095864,-18.5993454396076
"4","cuGS1003",-23.1677604970568,-0.507470843753309,8.39874888231609,-23.530843793087
"5","cuGS1004",-27.2055138595062,-1.83042856467412,5.46787617075665,-19.49467973496
"6","cuGS1005",-25.7694482244608,-3.18894800680229,7.7737195110805,-22.7388468469672
"7","cuGS1006",-25.4287811609677,0.791212847965306,7.72434398457359,-21.8948952430025
"8","cuGS1009",-31.92094652311,-9.03244652159142,5.7177394823096,-20.365735963953
"9","cuGS1010",-33.4743499194617,-3.36768185761088,5.30024324745235,-19.0367315884903
"10","cuGS1012",-33.6222780706691,-4.78122799023004,-0.70116865946805,-13.716586108668
"11","cuGS1013",-29.3376867280939,-3.62510968891312,0.557728377476944,-13.302144565598
"12","cuGS1014",-33.4056427819894,-4.32071161665912,-1.54153899331109,-11.7980332804383
"13","cuGS1018",-33.4522581839182,-5.67419742711714,2.96338213499312,-15.2617986142244
"14","cuGS1019",-36.7351549293346,-2.85628347683561,5.65636602898779,-18.9968997179766
"15","cuGS1020",-35.702139673277,-1.66571210718449,3.88097012136352,-17.5233879715322
"16","cuGS1021",-32.202209801436,2.32836346988414,-0.141337719090665,-18.7617200004067
"17","cuGS1024",-35.6199222807652,-5.76786563913113,2.74830143959031,-20.2343389821513
"18","cuGS1025",-35.7360998169432,-10.8582852652266,1.62960639126518,-13.3752472881918
"19","cuGS1026",-28.3832924012605,4.24099924088817,2.72175139401007,-17.1822529451928
"20","cuGS1027",-28.3456508620083,-1.6117516988156,5.48275954681539,-23.0679482638165
"21","cuGS1028",-30.4007502200718,0.0167600434162475,3.60936690364447,-20.750224150702
"22","cuGS1032",-26.0449341234731,-1.32961077198319,3.93007035266909,-17.8458601366419
"23","cuGS1033",-26.9865332824152,-0.50716547015058,1.13050324456036,-17.525985940753
"24","cuGS1034",-24.945548984565,0.47701366558248,1.60976099617388,-20.5159172106172
"25","cuGS1035",-26.996613897283,0.439448580876994,2.15573567025788,-16.6363534708065
"26","cuGS1036",-25.3653744617274,7.37416987438272,0.22624031708369,-5.5109037210605
"27","cuGS1037",-32.4124741388614,-7.03383164261457,6.76545936939459,-19.5886018847756
"28","cuGS1038",-28.1833894408441,-7.08546093002439,0.668977448161234,-12.6839506444307
"29","cuGS1041",-13.3268100919963,29.4272570872944,27.4888982873404,14.985612595865
"30","cuGS1042",-24.9344371814045,3.09269570008918,6.4927286458007,-17.422333813654
"31","cuGS1044",-36.8485805018154,-4.77968266282924,5.42657630936934,-16.6443234227766
"32","cuGS1045",-32.9985310767611,-3.65145455151809,6.04609204033649,-15.2539315131519
"33","cuGS1046",-26.0825687281556,-2.55020025803791,4.87875663902785,-8.56764236186079
"34","cuGS1049",5.04541552177258,28.2385942899465,0.553628954728186,-1.32823553195374
"35","cuGS1050",21.3352059763357,23.0856189652031,9.75326765116274,-12.0493305515175
"36","cuGS1051",-1.76689245861244,54.1551235400462,11.5139718561798,-20.3202718173842
"37","cuGS1052",-0.82861712942602,41.6734743878156,2.36970644572726,-9.72953899934397
"38","cuGS1053",-4.97899072187546,49.5894262533128,10.8809958198385,-16.7820085634337
"39","cuGS1054",-18.131110068015,36.3007286942493,40.9872106978131,24.1993978908321
"40","cuGS1055",-9.98344826462534,20.3702532527487,-6.9908388428686,7.68692632169739
"41","cuGS1056",-4.04027479494794,27.2372166944608,3.49814433489663,-9.94500539093215
"42","cuGS1057",-5.12193084001879,15.6265498537615,-7.48997016024427,5.86644661099513
"43","cuGS1066",-2.28458312965648,16.0677014595339,-15.5174577886097,5.56279414547248
"44","cuGS1070",18.0851869670317,-1.12496897092595,5.15889667744377,-1.27905144400679
"45","cuGS1072",24.7141794404049,-3.31626297787987,-1.19824095454013,9.00852893296112
"46","cuGS1074",-3.84620328434632,8.59072808386626,-20.2562025376533,14.0325804377917
"47","cuGS1075",-8.37030375175558,12.6095760732891,-16.5380355428121,6.70432268614714
"48","cuGS1076",-1.27103155602035,30.98896978369,-6.81987028965965,-5.46353745216776
"49","cuGS1077",2.46871058197683,28.9747697998637,-6.25914685255259,-6.530727247145
"50","cuGS1078",-4.29543987593942,15.2735487161043,-18.4357446556002,7.39542647074703
"51","cuGS1080",-4.5020744494776,12.8332841924988,-20.5504632763418,4.63916226546272
"52","cuGS1081",-1.46979975336533,16.2754535341457,-19.6797274674536,4.64609589418172
"53","cuGS1086",4.64738550420414,15.04926545701,3.67045776304142,-2.57172823830942
"54","cuGS1087",-0.612107669668977,14.8147307107702,6.98022372333575,-13.1674610498739
"55","cuGS1089",9.76930153123685,5.44365445028661,-6.1422468053702,2.57102952941636
"56","cuGS1092",2.54150656885664,3.30100302815572,-13.9011796977667,1.89292292289024
"57","cuGS1093",1.70868303353186,8.56679307564414,-15.7661677663527,3.87883464188224
"58","cuGS1096",19.9846113481861,-5.19081828148888,5.00613696480704,-4.79200902080159
"59","cuGS1099",20.0745235063434,2.48844689534257,6.5803154751768,0.0911496595997507
"60","cuGS1100",19.2727496308285,0.46254493263212,3.58070610383751,-0.891667790693053
"61","cuGS1101",11.7129767087131,3.36421955223244,6.59214778639297,-2.20273523426027
"62","cuGS1102",21.2929726717667,-2.17440416123031,-3.94840542538332,-1.93350638782594
"63","cuGS1103",2.54647352469229,-1.41389621365595,-10.4166693448792,5.08182014337355
"64","cuGS1104",-3.21922218207704,-4.51432310268279,-12.7803764756833,9.11818966480986
"65","cuGS1105",-18.9827378006549,21.9681020662027,7.44207056068971,-10.0321726760835
"66","cuGS1108",-15.3279079493877,22.134513192009,9.33619431044601,-8.71077836791613
"67","cuGS1109",-27.8314013129189,-2.33142342038032,-9.61882902465522,1.48140759148062
"68","cuGS1110",-5.05041895746361,5.30309560579828,1.17743145673161,-10.4924479715519
"69","cuGS1112",-7.19072429483072,2.13040092915452,0.198363631196132,-5.56986508030041
"70","cuGS1113",2.90953103532725,5.11791837248337,-3.3655569217346,-7.31076722235725
"71","cuGS1114",-14.6941279302369,-3.50758616970915,-20.2833287084681,8.6820731726987
"72","cuGS1115",-10.1937867772928,1.86465134230379,-19.0852932754066,6.59459410041664
"73","cuGS1116",-15.2038462367761,0.974319427075278,-19.1133614855895,4.10117276005631
"74","cuGS1117",-18.46017921091,-7.33537236257635,-12.0756025915137,-6.66993179729121
"75","cuGS1118",-14.5783178355017,-1.84449242738156,-14.7984096930613,2.09690482688596
"76","cuGS1119",-19.0949014973861,-6.85564626314502,-11.6630412637613,-5.29240446712161
"77","cuGS1120",-22.7786626666226,-11.7065571021456,-9.1819795626411,-8.12796784037234
"78","cuGS1121",-8.40061476297847,-1.36334676082728,-3.89695979413518,-4.91841358696071
"79","cuGS1122",-1.96050607948707,1.2348701871831,-11.5506550859075,0.636141347422972
"80","cuGS1123",-19.2600814481588,8.00638863324948,4.10662533314405,-15.7874719953836
"81","cuGS1126",-8.30690532432414,14.3010041602394,4.16576801885231,-20.5429636364565
"82","cuGS1128",-9.74203915061115,9.79940114048071,6.72251085559975,-22.0039906959041
"83","cuGS1129",-8.85056424972372,13.6058851091145,3.27558322153932,-18.2624884477555
"84","cuGS1161",10.7578812362004,30.8012912365401,-1.59191336913253,-10.415377301475
"85","cuGS1162",11.2877571870857,34.6728405845286,0.16878856215774,-10.0419807904279
"86","cuGS1163",15.4361478365838,19.7115857519932,-5.20887045597105,-2.36541961006346
"87","cuGS1164",15.7151155514448,27.7305344075162,-4.05888596538168,-5.03202823994315
"88","cuGS1166",16.0642061449395,24.0406858671719,-1.31271819589791,-8.60807362248719
"89","cuGS1167",18.1789278635459,24.9695825833815,1.10095435120392,-7.45308321574686
"90","cuGS1168",9.99792061992414,42.2915356637421,1.01034435863532,-14.2605418192359
"91","cuGS1169",6.51829837797816,10.3707172458075,-9.10946286796606,6.13217697633409
"92","cuGS117",-3.50156907600941,16.6160102742752,-12.308668668981,0.643282393401346
"93","cuGS1171",2.76356429140215,-1.34291498542612,-21.4979855431848,19.247795065318
"94","cuGS1172",3.83201854935815,29.7149574990826,-3.80539805765007,-4.43164089547837
"95","cuGS1174",24.5805781911235,15.6124968733409,6.62261093733469,-10.2466728957581
"96","cuGS1175",28.2636979486728,17.3742064548343,11.0544779903465,-12.1134115007647
"97","cuGS1176",21.8879720248509,18.0215603049399,13.5020537833163,-13.1206164990714
"98","cuGS1177",16.2383461910171,11.18318034742,-3.64014580847814,-3.02672222082987
"99","cuGS1181",18.6807773230753,12.9315059215916,1.3771828370251,-1.6520842538168
"100","cuGS1183",22.4628255866517,19.8644614429794,5.93490233778654,-10.0277273340823
"101","cuGS1184",20.4934768476189,13.5989692761851,1.62759779480529,-3.72686413153612
"102","cuGS1185",14.5138195754347,21.2685217411172,5.48826876656075,-10.1615145136432
"103","cuGS1186",19.0501433402512,17.1314963503845,0.349532635993299,-4.9741833143026
"104","cuGS1187",13.5372614107427,23.8755773524273,-1.03060245303202,-6.01427259260222
"105","cuGS1188",10.8982212157338,24.7842053055363,0.395485174193071,-8.84472742302913
"106","cuGS1189",7.37315797637994,18.4711587885729,-4.97293722012333,0.586705372920774
"107","cuGS1192",25.8362670826182,-8.46782306884731,-1.89675702048085,4.75817997494117
"108","cuGS1195",9.14019577793887,6.38517998449346,-12.5982254978085,10.9779635178457
"109","cuGS1196",28.3146473562275,-6.20584823761604,3.16581095546751,-2.78382417290201
"110","cuGS1197",26.7215297656442,5.25071755459245,4.31791599554795,-2.33826235962712
"111","cuGS1198",22.9611889569,8.20633116687326,0.71034360194061,0.527741189823433
"112","cuGS1199",20.9239580611143,8.57365439981893,-0.643256491859506,-0.543121818884086
"113","cuGS1200",22.6219849334105,9.62001640382181,-0.42923922788372,0.189646131722653
"114","cuGS1201",28.5879307881624,7.58469976504607,3.91341922776126,-2.94549390188962
"115","cuGS1202",19.7008313670581,11.2618682086325,0.618563932800785,-0.798284580118394
"116","cuGS1203",23.8863356082013,9.92299465447681,6.44226111177194,-1.13854380102633
"117","cuGS1204",27.214259386559,5.53855955460848,4.81030721898089,-1.06509689499824
"118","cuGS1205",29.878281922577,-9.61020829075253,2.77354040957169,4.82188535276084
"119","cuGS1206",11.4258480262097,-23.3098265727127,4.6150080651708,0.433592672324122
"120","cuGS1207",18.7571876981067,-16.5899043065632,-1.66757926756786,7.68521565243796
"121","cuGS1208",19.9553862988583,-20.327568258061,3.11072608625963,-1.76981264100603
"122","cuGS1209",14.3906121487892,-18.2862685464367,4.02659870214102,-1.80191792433399
"123","cuGS1210",-9.08091510847127,18.4300194323069,-7.5157687989004,18.989861351827
"124","cuGS1211",-7.02129279932642,15.7567005811567,-8.67064421603777,19.1183548019434
"125","cuGS1213",15.8435837671249,5.31586344607285,-7.41540877919282,1.54399841767427
"126","cuGS1215",-41.1736409640629,-26.5055505849243,-0.861761094115213,-0.418197317003576
"127","cuGS1216",-38.227874784115,-21.5009552789156,-5.44436519017903,-1.89973004740529
"128","cuGS1217",-3.75572661417499,1.914088156867,-25.0004853933015,26.8129840628099
"129","cuGS1220",0.663749825424584,0.758698074099038,-25.6246356613795,27.612824601079
"130","cuGS1221",34.3542451367127,-15.7364998684276,4.59272630340924,4.09561026842221
"131","cuGS1222",34.8360258861191,-13.1391572344766,8.15440923826112,0.976511930759697
"132","cuGS1223",16.2603132581989,-0.148520218107484,3.97206902393582,5.98972372511588
"133","cuGS1230",41.3628881210682,-17.7519315251002,7.33559991922164,1.931632234766
"134","cuGS1231",41.4172383944053,-16.7307419862072,6.79203364860134,1.83111083360996
"135","cuGS1232",10.90246221858,6.34399995456036,-6.68074049637578,-1.53529016926743
"136","cuGS1235",-1.12218150587083,7.02228902409096,-22.6830674169889,27.2806923535469
"137","cuGS1238",31.9925047985709,-6.33314032712331,8.77779234716176,-1.33467034202885
"138","cuGS1239",30.7770494296417,-10.0603380933875,5.4260982551696,-0.0207544912822979
"139","cuGS1240",-33.1318979697718,-17.624302118338,-9.33123785486534,-0.534251219773557
"140","cuGS1241",40.3064780762504,-15.7312005580349,8.79901873043807,0.975384613079792
"141","cuGS1242",39.6757869643899,-13.3024512652248,11.4476703933928,0.446765123866163
"142","cuGS1243",37.4591462195697,-10.6246545590156,9.68626670665573,-0.069946325247662
"143","cuGS1244",39.4948521617321,-14.1667781682898,10.2131819619724,-0.573422425304505
"144","cuGS1246",-9.64095431710912,2.05630209616944,-22.032024658914,19.3575283288671
"145","cuGS1247",29.4717925637078,-8.08497211729778,6.88088523073839,-2.5889581733918
"146","cuGS1248",-9.20107277941147,6.29892332200438,-22.3114605710095,19.8746535254021
"147","cuGS1249",-7.8976684077552,6.69425150734216,-22.8712026118261,20.6905896937425
"148","cuGS1250",-3.08061895989696,1.41422268800773,-25.9027084843508,27.7277156660136
"149","cuGS1252",36.1860484908673,-21.1739377590126,12.2186877838834,-4.72405451382321
"150","cuGS1253",39.5991078356635,-18.6961423457536,10.7041731051384,-0.249561156750566
"151","cuGS1256",13.3581819248405,3.18809677741731,-6.45074223095451,2.51591792706428
"152","cuGS1257",30.9278699575894,-10.1729868852925,7.80661664200366,-1.81429622461543
"153","cuGS1258",30.7454991452161,-6.91133131358523,5.46299098109714,-2.5927570868514
"154","cuGS1259",33.1943004632845,-10.8185926962355,10.5247136202024,-2.62218060422651
"155","cuGS1261",-11.130719289675,0.131107279803959,-24.9148568100083,21.8273322657722
"156","cuGS1262",-8.82335534143808,7.21516399726393,-11.5059392970951,-3.16837637939737
"157","cuGS1263",3.1555383679498,4.58241096530242,-21.5738368901133,9.71709468916089
"158","cuGS1264",0.353302758194899,3.37587317575884,-21.8353583253808,8.53279214478652
"159","cuGS1265",2.2972196005238,2.2857560809995,-20.8134861483134,8.58835083705706
"160","cuGS1266",-2.05974254580886,3.92882389172168,-23.2149700815406,8.29297263360368
"161","cuGS1267",-0.682498063294825,2.66820003299041,-20.580663406678,8.5817272919824
"162","cuGS1268",1.44158436139403,3.30379035491316,-21.6029242296595,7.71338824219818
"163","cuGS1269",0.583386390568941,2.67470497071821,-21.5163474809364,5.93176911249631
"164","cuGS1270",-1.87342478220822,4.13252117892057,-22.1229421924597,6.93372449187264
"165","cuGS1271",2.27168081786232,15.8634230261856,-3.83429867708712,-7.20701555661309
"166","cuGS1278",28.133504338394,-21.0597298033747,14.5275655838838,-8.22989575121876
"167","cuGS1279",25.0611858431681,-24.9715526863705,11.6711280523641,-10.6908846184913
"168","cuGS1286",24.9380820023485,-21.1952172612234,12.963361811841,-10.0875876694979
"169","cuGS1287",24.3885791208382,-23.7852106524536,10.1477466524682,-10.5267409576773
"170","cuGS1290",27.0689659251724,-22.291103044849,10.1982878186442,-11.0892192369782
"171","cuGS1291",26.1406595510409,-24.145935630948,11.7238661485297,-11.3511679543581
"172","cuGS1292",23.9110671698766,-21.0388202874562,12.5125053974981,-12.6834694883808
"173","cuGS1299",24.991645438077,-18.689177518442,12.2560800771042,-13.4770563460415
"174","cuGS1301",7.45037452824664,-15.8992911936828,4.57740166850046,-1.7748110072718
"175","cuGS1302",-4.54114523422392,-17.7697315064478,7.67777384355554,-5.16827557724149
"176","cuGS1303",-9.0812114235629,-13.7788358569231,5.91898002154001,-4.38471414847795
"177","cuGS1304",1.48836817631908,-15.0772769167122,7.45736350613676,-13.1672457889351
"178","cuGS1305",5.23642028431828,-18.3102970162256,2.71778212420845,-7.34718305544521
"179","cuGS1306",-10.5259241709676,-17.0229956248177,-0.916543037157659,-11.3665592168516
"180","cuGS1307",10.837575261719,-15.7900864950953,3.90877370329545,-7.06969173578343
"181","cuGS1308",4.43232653118635,-15.2511586202277,-0.0275743854085343,-4.34751453753502
"182","cuGS1309",13.7781840171659,-15.244301358257,0.866886197551667,-5.10107182380976
"183","cuGS1310",2.07779727491514,-22.3558532988553,1.95633518236379,-8.97529939381159
"184","cuGS1315",-6.77338928105182,26.5729738580051,-2.46232748671788,-1.23067308684823
"185","cuGS1316",-5.09660050613401,28.684408073039,-2.28494088776015,-0.250436916347548
"186","cuGS1317",-7.12450487248027,26.1704939398082,-1.52058236225227,1.76798355197819
"187","cuGS1318",-3.63003362233752,27.7426149448606,-4.09201046970921,1.43205917978947
"188","cuGS1319",5.05269637667381,11.9673894339132,-7.52792295855417,3.87234845953972
"189","cuGS1320",3.27202808355572,13.0405701728064,-8.19018653145016,8.37323838724619
"190","cuGS1321",4.69508207650909,16.5599921063552,-9.47871325517818,9.50112396041151
"191","cuGS1322",6.37117823513687,10.2193125489138,-7.04709179832572,4.65640194939477
"192","cuGS1342",-8.91741242624612,25.2625407905621,10.7559433318215,-13.332406815273
"193","cuGS136",3.964423446548,19.3619256090871,-11.3185085505448,-3.51236643645307
"194","cuGS1364",1.95433294581741,31.2940101290929,4.93342491899648,-18.9051823044658
"195","cuGS1365",6.19813392022102,30.5778295199398,6.70790193877235,-19.4132393730082
"196","cuGS1366",3.77662758268547,30.53864059263,4.41888789410912,-16.752357827101
"197","cuGS1367",4.69764756232599,32.2266977553222,7.45265953494072,-20.5072274957877
"198","cuGS1368",-0.955591606283157,21.6790925323969,4.68046212751274,-24.7236151647587
"199","cuGS1369",-4.17706254463979,24.6614167259482,3.02452815457675,-22.85382406152
"200","cuGS1370",6.78223837939429,27.6918099190308,1.07424829218891,-15.6527266476765
"201","cuGS138",-1.33323446599024,4.47231681644584,-17.4030044851978,16.2400061536262
"202","cuGS146",24.3623788767875,-6.40725428154467,0.070003293453574,6.3967853642206
"203","cuGS150",8.17223555335467,-7.13309442531937,-9.68467418248519,4.12663163045565
"204","cuGS159",4.4156208321451,-3.90036020446298,-20.087450190333,17.4972901873424
"205","cuGS167",18.8497364564565,-1.18709134783339,-5.98666112858165,11.0516437510087
"206","cuGS174",-2.78048620037986,1.70912759453085,-15.6068066361283,10.9332258315617
"207","cuGS201",-3.81556251405646,16.8717038641142,-15.8904282464745,6.74619844777473
"208","cuGS218",-10.3890703036889,10.6028337468631,-14.0206764259928,-3.6417075849935
"209","cuGS249",20.9303662580545,20.1921571595356,4.47162466421741,-8.99465947894482
"210","cuGS252",-7.49231123666866,25.8704354022866,-3.31919569027473,-15.4394834833969
"211","cuGS262",-3.45454049159192,7.22998828518521,-25.6717304407511,9.0024165683
"212","cuGS263",25.4243079394045,-4.08272958306042,-0.835537107589304,7.26041783123499
"213","cuGS264",2.5475906125772,6.42353283300498,-17.1288445077194,12.1242734817648
"214","cuGS268",0.630631731116603,24.9353162372865,-7.32481999089001,-3.97155482630349
"215","cuGS270",36.9737149993391,-15.3932783684921,3.09539031003653,3.84612062972
"216","cuGS272",27.8344468653722,-26.9961521639267,13.1346980104465,-10.8830468330253
"217","cuGS273",26.7857520193106,-18.1561061461946,5.9156838725334,-0.424818646447077
"218","cuGS274",28.9227759561656,-20.2988503173381,7.35284366320369,0.297802837394725
"219","cuGS275",35.6293085784046,-11.8300995245529,-0.00361289231297816,5.8689044180349
"220","cuGS276",36.1060037814459,-10.8394773100373,0.883632227241503,3.85865147625153
"221","cuGS278",29.3043965374292,-5.96187018460816,-5.25517272856658,6.57441174218862
"222","cuGS279",32.3147379638471,-8.39246180472513,-1.80148198367153,5.31851342258665
"223","cuGS280",28.9274520169779,-5.17812676445116,-4.56667975751852,6.64252561416678
"224","cuGS281",33.7548858198289,-9.96483448054535,2.60032037234307,4.91414167114943
"225","cuGS282",28.185876395181,-2.79966318000777,-9.62505878118351,8.91865870979893
"226","cuGS283",31.6067019392548,-5.44587093662145,-4.39525094570708,5.55005163027709
"227","cuGS284",32.0687971092622,-5.9604693669563,-2.47061823978582,6.55280497599149
"228","cuGS285",34.5069279738026,-11.1018781310836,-0.715139336333921,5.69653396721442
"229","cuGS287",-1.70437190750613,34.3472262252608,-2.97883828574457,-12.2766826881724
"230","cuGS288",-3.9388861987004,42.8060016945564,0.475599042118509,-21.6268494569349
"231","cuGS289",20.9156489279876,22.2724179311586,10.5776710241167,-12.7773410004108
"232","cuGS290",0.962480541993558,20.6835387442824,-11.1009742018255,11.7770160824333
"233","cuGS292",17.119469613542,0.408647754550504,-2.50841958231807,7.50530921449883
"234","cuGS31",2.08288200107737,2.81449039628743,-11.891551340473,5.21868903688651
"235","cuGS318",0.964251297409611,7.28446871430992,-21.3170424061328,15.7785389285939
"236","cuGS32",2.76894928756846,6.622693124045,-13.6004345509121,15.2291443866937
"237","cuGS33",27.884656792675,-5.53522854505241,-5.35865222627213,5.57605409301355
"238","cuGS34",15.4065238260563,4.30616236253045,-7.80582330014224,0.453931415361809
"239","cuGS35",42.4943033983283,-17.8454461333726,8.84959557829633,1.07348019150786
"240","cuGS36",1.06212156869167,4.90673984622908,-14.7611908571184,12.4592823968852
"241","cuGS37",23.3720570426848,1.66195563454001,-11.8474296215194,8.79766446820717
"242","cuGS38",3.11524169588149,8.23792445639838,-16.2738349867233,9.83122301675861
"243","cuGS380",-13.5577592516635,-6.29332602497522,-13.3637931899206,13.1758243016012
"244","cuGS381",-16.8228420206786,-10.038509494619,-11.1011461577032,10.7955657816676
"245","cuGS383",3.0445444705613,-25.2102642602113,3.29236634533336,-3.24406902145943
"246","cuGS393",-3.5549003689392,8.59278052586909,-21.3643091902333,24.8478275892072
"247","cuGS394",34.2117965499286,-10.7519503626576,5.44152191184254,-0.0393034991500019
"248","cuGS405",14.2093690405863,3.9595936083658,-6.65404148391685,0.499307546022766
"249","cuGS41",9.3640233639475,13.3569839288711,-11.5850486365742,-5.72530245013256
"250","cuGS410",10.8590967981993,-4.02259001900745,-7.42143506226171,7.56770536026939
"251","cuGS412",15.667696521355,3.68026107828594,-11.4993722073233,-0.202914224848548
"252","cuGS413",16.6223179651187,3.99855676258883,-11.30964447802,1.09158780916024
"253","cuGS419",30.0469498632447,-7.76143101189835,0.637969616623386,1.33729664588323
"254","cuGS420",-0.0849712255165247,27.2248454402948,6.03195842433846,0.883850096982886
"255","cuGS421",-10.3560153897934,22.2038060647455,6.19430097855323,9.67778114357704
"256","cuGS422",-7.1165347256977,42.4984668353089,18.0426817274377,-6.69922646232981
"257","cuGS423",36.7524843971574,-13.4643121490592,4.45112208898218,3.00619866178523
"258","cuGS424",5.43305543948087,20.5534959546164,-8.37142237739439,4.03761139719209
"259","cuGS425",-4.53940181623515,14.4064130783228,-10.3998855217492,9.19138196950373
"260","cuGS426",-1.12377357712763,10.865188466964,-23.4890667571483,15.8770765821729
"261","cuGS427",-10.0808441170581,20.4518751818417,-6.8363176891933,7.44498277292648
"262","cuGS428",-10.0839086518996,6.69472012974644,-24.0545030492427,16.4877470121613
"263","cuGS429",16.8543526081089,-5.41642998897781,-8.10367780760579,8.81484023781189
"264","cuGS46",11.064583261378,15.5407455313313,-12.7545370971107,-1.6462444535889
"265","cuGS47",9.46408489919962,6.69701174048757,-8.73380873520693,-5.92707161832531
"266","cuGS472",-8.92089868395069,33.9043509152669,24.4542289066069,21.7485365288449
"267","cuGS489",-1.28858695581321,2.61792310335532,-17.8598416236833,15.8067048989363
"268","cuGS490",38.9776924828861,-15.4306101095273,5.84292638160318,3.08254430946286
"269","cuGS491",27.8204016577572,-8.83455789723662,-3.52669116598588,8.29744986313183
"270","cuGS492",18.0309236618661,4.54302752704865,31.6644284650564,15.0288625373513
"271","cuGS493",17.6898677407641,21.6548747938366,-0.111111133730574,-10.6916512183073
"272","cuGS494",12.4138080117346,22.7583730160668,-5.13683908380364,-2.38316753814408
"273","cuGS495",16.2634107252981,12.8953742304857,-2.16703315382236,-1.47434202792562
"274","cuGS496",24.3194640594843,-6.99366847109015,-2.70520115879739,5.48771661424525
"275","cuGS497",18.0876868822325,19.4199752557625,3.49033573748489,-2.85508373821109
"276","cuGS498",-18.1559733416439,-13.4952664122699,-5.24225064577619,4.2973629182522
"277","cuGS499",3.67025688165416,30.2938373791512,2.85953145280606,-13.2549139893082
"278","cuGS500",3.85089762413577,36.8504192593497,1.94793836147293,-13.3687095598023
"279","cuGS501",34.5637051495528,-10.340877750927,6.0776977366551,0.78517227128542
"280","cuGS502",20.3097722846171,2.69692005708909,0.821800594040698,5.66730031341985
"281","cuGS503",9.16310140073851,19.9554670006664,-6.00273457413869,0.4099251366849
"282","cuGS504",25.7202357341069,-11.8172673649496,-3.00682846036181,1.41492648310407
"283","cuGS505",40.9761760072319,-17.3127446056195,7.06954919476263,0.286041957295046
"284","cuGS506",-21.9241214156647,-15.8070052241124,-0.599016795241089,0.680712314640709
"285","cuGS507",13.290385032913,11.3952991694127,14.422841424043,4.47574034426873
"286","cuGS508",3.76619781764245,28.1642391652122,-0.971176416778131,-5.80122974216557
"287","cuGS509",20.9281770182857,18.6209019817636,6.31774951402152,-12.6501512418478
"288","cuGS51",12.5375663004258,4.19051837774428,-21.4734821935337,17.1335486127197
"289","cuGS510",32.0455280919238,-10.1931787319861,4.12739814371151,3.2831054078616
"290","cuGS511",23.9971342901218,0.393403507075384,0.566845238033407,1.58615848951863
"291","cuGS512",28.6939394165973,-6.88888507787911,0.108565798349911,4.26233730621476
"292","cuGS513",35.5135944780651,-10.9317227631178,4.40852455087525,2.11720214035992
"293","cuGS514",-5.43131333702208,-2.77157894489491,-10.3874987918038,7.44251664392702
"294","cuGS515",5.77142010230715,39.073388255418,-4.04043538387185,-11.9171063711977
"295","cuGS516",40.3987731705156,-16.285370224038,7.15652529502856,2.63553433537963
"296","cuGS517",22.6715528674407,-12.8262362774889,-0.360855167473417,-3.21890844301481
"297","cuGS518",13.1672748141072,9.82445901941834,-2.19504436536669,-0.949087584845923
"298","cuGS519",-41.1280285001639,-27.3577268107809,-2.26595873933089,-1.79145329264041
"299","cuGS520",-21.8959887040223,-10.9925839759396,-16.0938711232652,13.2386004819645
"300","cuGS521",16.1798990405264,6.34402773213725,6.51077313389052,-1.24321437362769
"301","cuGS522",41.6671916224737,-15.2580860024092,7.22912896839381,2.3644225356639
"302","cuGS523",37.816024640616,-15.2043643504607,7.5059611606565,-0.26739453631784
"303","cuGS524",35.0765156341069,-11.9114371257204,6.23254105271699,1.22007659533334
"304","cuGS525",-5.43010473223318,-2.1923703612698,-21.9179162526984,15.0222992001422
"305","cuGS526",24.4100428189008,-8.75076446980868,-5.83357413839011,11.0076591488366
"306","cuGS527",-14.5141781198286,-8.13767657357902,-9.20400464801676,7.05433632729209
"307","cuGS528",41.4762162866671,-17.0537899331699,8.87577239475717,1.20788570780595
"308","cuGS529",40.3069125928537,-15.9073588421303,6.77369305407096,2.09624696446604
"309","cuGS530",17.0934133739765,30.2627896939932,9.57966897857512,-16.8245404153753
"310","cuGS531",12.3096680415719,14.6173753937451,-11.044944277921,2.4036761576209
"311","cuGS532",-28.7993439838977,-19.0552617468237,-3.84768889325093,5.1442461173697
"312","cuGS533",24.5282039804802,-10.2467313104892,-3.95756023127144,10.1047051997256
"313","cuGS534",21.5953389247009,3.89236819964386,1.22911238483254,-3.57052208872931
"314","cuGS535",7.47339640523476,8.24846381895066,34.5472144432592,7.17006563829534
"315","cuGS536",24.1526246600633,21.4595330530991,7.11179453178388,-12.525806030917
"316","cuGS537",40.2758762103433,-15.8840820228648,7.87594128497839,2.34028350654861
"317","cuGS538",39.952647447701,-17.3529830518184,6.93015358236476,1.46717068091807
"318","cuGS539",-2.05113941924688,3.52075407289905,-25.3084396452166,26.4192184636872
"319","cuGS54",9.6990737687777,2.83855132532969,-19.5049895333352,19.6759530912383
"320","cuGS540",12.5481330750347,23.4971487968219,-2.01104263608472,-3.87252365362822
"321","cuGS541",19.8736821843301,23.281993306337,5.97751958110557,-13.0690132278887
"322","cuGS542",-2.22128352955142,5.7044626360505,-16.1023018923408,15.0617856834975
"323","cuGS543",31.401668811108,-11.6271194086642,3.55374115057363,2.84980047547483
"324","cuGS544",39.5440127954172,-15.9191360731952,6.49959601474446,2.8265392905924
"325","cuGS545",14.8992693678985,-3.98908389876704,-2.78632770419722,4.77941314675785
"326","cuGS546",-1.97914928301846,33.6786353819768,-6.03032574793027,-0.681604353162417
"327","cuGS547",14.456507041528,20.3611721076431,-1.83809372041125,-6.13074651860547
"328","cuGS548",25.039527961494,-7.26489125738502,3.67021441342401,-5.36848213150494
"329","cuGS549",21.2526848794734,-10.8806092363268,-6.44381149435271,5.39192191007595
"330","cuGS550",20.3676131157648,25.3518766371219,8.18328204352023,-12.8106341282019
"331","cuGS551",19.1659362420187,24.2336084519381,-3.19444929651902,-6.69994023436376
"332","cuGS552",24.7936236546989,-11.177165599469,-4.46551516544157,5.16806739021631
"333","cuGS553",23.8946554558872,-7.76129449736605,-1.18209363611635,5.50763803114069
"334","cuGS554",35.3758870028107,-11.7008533422349,1.53958876295587,3.56670660366533
"335","cuGS555",-2.79617810193785,2.27173947092075,-25.5957544585496,24.3690538206346
"336","cuGS556",18.354378545866,9.00938683142863,1.08102902341148,-0.928085441121984
"337","cuGS557",-7.96674977321702,13.4197073904464,-10.7364270099676,-5.86219608781702
"338","cuGS558",12.6948153889911,-3.716811485244,-7.74887428658579,13.0060338223944
"339","cuGS559",24.9484016506303,18.0302934572345,10.7248238329428,-11.2009682056318
"340","cuGS560",8.25192659911445,36.1441929903329,1.24701859648028,-14.4731743007989
"341","cuGS561",22.9964578888149,-8.64514464984242,-5.90730207122243,6.63899389080718
"342","cuGS562",36.1401295888848,-12.6587264542599,1.11104846837001,3.4956823884869
"343","cuGS563",21.4400480777168,-9.48596214893436,-6.82884216258584,9.64269374445771
"344","cuGS564",22.4760230459879,19.284977436434,5.29669329349884,-9.55254312472355
"345","cuGS565",23.6361294738209,19.9120700068482,7.24716196472572,-9.99187259615438
"346","cuGS566",7.53614233563712,22.9280664674112,-5.76267596196523,-0.99153481171995
"347","cuGS567",-4.64723465111832,2.54229807770917,-25.1611117790147,25.2296100017976
"348","cuGS568",32.4712029845427,-13.5073252180247,1.50646709832049,6.24046379717824
"349","cuGS569",25.5317599759058,19.998508944246,9.72750896239856,-11.1748141992305
"350","cuGS57",-3.37047268634662,2.57295609638212,-26.535180939809,27.6755243152035
"351","cuGS570",40.0138395562757,-17.2480023990715,6.98863897821856,1.79858655058222
"352","cuGS571",22.8449940097933,24.159890632722,10.2547085920122,-11.4612517816297
"353","cuGS572",-38.7395945576472,-27.831000310364,-4.10548940024623,1.85508132649616
"354","cuGS573",19.0269063529751,6.08587667914972,5.80854344340313,1.86431771128057
"355","cuGS574",-3.74499246632294,3.04767032625678,-24.2414496928158,26.1790454907702
"356","cuGS575",26.4205087942695,8.98418732332566,3.58065493076699,-7.12100966136932
"357","cuGS576",1.81234521996703,15.9734805119398,-5.8900360472894,-9.32609151831971
"358","cuGS577",23.6560333218498,18.9201590055192,8.92332979540121,-10.6925191892162
"359","cuGS578",20.281101717108,12.044320410252,3.77298626699288,-6.82586492989097
"360","cuGS579",20.8401373190588,-13.8467743598164,-1.79303308689904,1.90373767738339
"361","cuGS580",34.2810932511871,-10.9327419747565,2.72888177420032,4.22943667099773
"362","cuGS581",25.3678601283085,15.9347830815568,6.52132932134274,-8.3969309196189
"363","cuGS582",41.2588361928567,-15.7329249717845,7.06184509654991,1.83710271400785
"364","cuGS584",2.41339780140006,26.2638419232277,-1.30509029704605,-14.3907421295543
"365","cuGS585",37.7192201115419,-13.2225858238505,8.57606638196122,0.354978951705032
"366","cuGS586",-22.1594046985029,-16.9825001364185,-11.9163881572844,6.73760746809561
"367","cuGS587",19.7251154714343,-9.05473749285982,-2.70417190863389,2.95445974041898
"368","cuGS588",34.1791830245943,-16.9092600533665,10.332889879802,-4.60946925899607
"369","cuGS589",-4.03555824010887,-12.7954904200371,-1.2236600270551,1.43213534754711
"370","cuGS59",10.997595241769,0.94686506989118,-16.5190987730798,19.3090268557121
"371","cuGS590",5.30461562321861,31.9409582918302,-0.9792142467801,-5.3366509486988
"372","cuGS591",16.9830052200742,-5.12106371906569,-7.86371467456142,8.86395307807928
"373","cuGS592",9.42910964591801,-3.75447581983472,-7.3177539748769,9.13307796787698
"374","cuGS593",-11.3662257790796,0.254349499220292,-2.95871162942345,0.549782047485387
"375","cuGS594",-30.0128128782127,-12.0650496815553,-13.1298541545658,8.5698262024065
"376","cuGS595",-31.6039924056966,-13.6800723368981,-11.8772925324707,2.17211372554799
"377","cuGS596",-12.4381641596136,31.2125490218746,27.3370003779802,18.2377301568702
"378","cuGS597",-10.7314911253754,-7.43532621752991,-4.41635317289397,0.406886369111978
"379","cuGS598",30.9891840646808,-8.20576532476223,6.33544154241209,-9.31082113927677
"380","cuGS599",27.0963037865341,-0.288073006664351,3.06138036491882,-0.758338291197694
"381","cuGS60",13.1761518067526,2.83357526678155,-15.9215375809201,16.0631532898382
"382","cuGS600",26.4413302738882,0.858563155267594,2.26564781742637,-2.14341187456594
"383","cuGS601",30.7251838409455,-4.12740585128034,4.03118305611492,-2.8484742512428
"384","cuGS604",13.6477915645067,5.93991761479158,1.53420838859682,3.37073613389949
"385","cuGS605",-4.16101356635186,42.8935618907294,5.02499608147183,-14.5927217195093
"386","cuGS607",6.46478137961705,9.01893489588932,-9.16853910872003,8.53312068094038
"387","cuGS608",21.4648197318995,-4.88974755506595,-2.77083041258105,9.57338219628284
"388","cuGS609",1.77502323906344,28.8147054857306,-6.1221178488927,-2.6783165903164
"389","cuGS61",10.6364447652211,3.21837552636079,-19.3127849196284,21.1486219552337
"390","cuGS610",19.6125123123338,12.2756003092939,2.46333104158297,-2.21753498480568
"391","cuGS611",30.1696847805101,-11.1241092998827,-2.64443282674686,9.09325508906859
"392","cuGS612",-9.56514910506377,40.3130998196861,9.02115745733521,-6.49400813444252
"393","cuGS613",-11.4680102671179,42.018022774176,29.7186942567691,15.7946448620861
"394","cuGS614",14.7721711797687,3.9781306645016,-7.37181772886003,-0.29130808365387
"395","cuGS615",-5.74883222397654,1.95068937269781,-26.2188504319796,25.8506433777536
"396","cuGS64",9.01680256168041,0.905987641153855,-21.4247523727387,20.5724718912191
"397","cuGS641",38.6860954123299,-16.6316162743893,7.81468603293899,-1.52054060965788
"398","cuGS642",39.7213925587258,-16.886032156746,7.84864437734053,1.94063307972332
"399","cuGS643",41.0894559718744,-15.9648605231392,5.79043281944679,1.70289483645681
"400","cuGS644",28.543777342475,-8.52550030106274,1.15931664140286,6.1722587457951
"401","cuGS645",39.1972092411216,-15.3686778900524,9.17777097926031,0.658600114298442
"402","cuGS646",39.1860372107602,-15.2676408979187,7.33541374470059,2.44927062933711
"403","cuGS647",31.5470151073258,-15.4883632642576,11.1597632519025,-5.3068118535506
"404","cuGS648",21.4156619669734,-5.61928449296057,-0.668529960425745,6.54379172591625
"405","cuGS649",2.44789664895828,-25.3968785310327,3.35396672868909,-3.22067544404331
"406","cuGS650",39.9967016310398,-12.0372277021414,9.7430746506321,-1.94651097054745
"407","cuGS651",20.001460843231,3.28817835474813,1.78024794561271,-1.77568109095152
"408","cuGS652",33.9755494869165,-11.3045363250505,6.86909707083661,0.117032850358319
"409","cuGS653",31.8702591447559,-16.2573223080066,9.63862078090339,-3.7048924167437
"410","cuGS654",39.9578741861466,-17.2417212431445,7.92592531316456,0.865937757348913
"411","cuGS655",33.4309252176347,-16.0830064138466,10.9853604116597,-5.41983847823169
"412","cuGS656",-40.4909030972529,-24.6013508996512,-3.38045597132481,0.198013289528893
"413","cuGS657",8.52191773686994,3.31527414745468,-10.083154884861,3.36394422930106
"414","cuGS658",32.1592067946946,-16.5951873630022,10.3115736409765,-5.83181808884535
"415","cuGS659",-28.6519976664454,-4.38083733145064,-4.37126268264225,-10.5183591485618
"416","cuGS661",-3.9087826430787,11.869094824468,17.7232553441175,27.2246853964798
"417","cuGS663",12.1825226118993,-21.5240582313913,3.84649431225124,-4.50528543479878
"418","cuGS664",19.2499212122949,-13.7643189791408,-3.11635120672843,9.4605995378113
"419","cuGS665",17.8796731127859,-15.8592907849332,1.74000563517503,-0.865339654338824
"420","cuGS666",-7.75673774818799,22.6172252745882,-4.59544262095431,-10.1342133138657
"421","cuGS668",-9.25355111322062,21.7678142464175,-3.7134802114507,-10.2819991019728
"422","cuGS669",11.111572319812,16.3491632835429,-9.23512854667794,0.470390567651367
"423","cuGS67",6.08314415585954,-0.263586923854807,-18.0473221835288,19.9313068272375
"424","cuGS670",-15.5800573235051,-10.3612327975337,-7.78790359220933,7.24313550296397
"425","cuGS671",-29.3332034167609,-10.6415298014492,-12.9367143460661,1.88435450553559
"426","cuGS672",-26.7987820420443,-16.062730691781,0.89808740314798,-5.89597582655188
"427","cuGS673",-8.26991630988484,-7.41543746874296,-4.7865206678963,-1.42533268296894
"428","cuGS675",23.457729003291,-4.15160112513495,5.07551826123801,-8.79953866631463
"429","cuGS676",23.2547430961135,-1.81921426935974,4.98566994112451,-9.57186071678549
"430","cuGS680",-28.0506389610893,-9.70742455514793,-12.0207203538592,2.34193981143423
"431","cuGS681",-32.0386192587471,-13.2364006779739,-9.73441503953925,2.41204458409996
"432","cuGS682",-21.2064855231956,-4.15608478130467,-16.0677340069299,11.5580315229634
"433","cuGS683",-36.9328298494639,-19.0505472954504,-6.54138202637573,-0.730303750319845
"434","cuGS684",-34.2628681697864,-18.299640010119,-7.44944449170509,0.14540204875414
"435","cuGS685",-28.9634775640602,-11.8865770224993,-11.9074059992955,1.82268712954055
"436","cuGS686",-33.8900887582779,-16.6117019588969,-9.16716252857401,-0.00331843995314021
"437","cuGS687",-22.2090597905477,-4.75254237101548,-15.217704131692,10.1886009686924
"438","cuGS688",-33.844760274613,-14.2204017653656,-12.9051423417503,3.00001307480346
"439","cuGS689",-31.185153151232,-12.5325795744166,-12.5245523759385,3.70503051942657
"440","cuGS69",6.36243212767355,4.67120938703781,-22.8869995090195,22.4836805698057
"441","cuGS690",-29.4739185974572,-12.7084685842303,-10.2282414542358,1.84406814247722
"442","cuGS691",-13.2486612289169,1.25084517862341,-7.85100637431073,3.46591256861799
"443","cuGS692",-32.5286440810923,-14.8117722634367,-11.931186574155,1.17504508563196
"444","cuGS693",-18.2059263254683,-1.97883161409772,-15.3544046771225,12.8829317249291
"445","cuGS694",-31.3432975716329,-12.4072902566185,-11.3671710485862,7.41808845984225
"446","cuGS695",-35.2008417748201,-16.1116705221362,-7.82659664352269,-0.191031546109124
"447","cuGS696",-34.4236147307928,-15.1489113893207,-12.1446613965019,2.48074240994478
"448","cuGS697",-16.3616332306425,-2.15391795611342,-3.42750827924595,-1.7360414352846
"449","cuGS698",-30.8846976787237,-9.82997876458638,-3.02349089158124,0.287141038675297
"450","cuGS699",-21.3600009320533,4.4768000697926,-4.59503257090028,-0.619885486580422
"451","cuGS700",-9.6787225856495,9.31726224624543,-4.49105563314208,4.32529394416662
"452","cuGS702",-23.7423934130459,0.321997761454645,2.82754255500081,-4.15072789604081
"453","cuGS703",-18.6074475333563,7.02820167934489,-3.62311836895365,2.18908435622294
"454","cuGS704",-21.623471369643,0.661770279485022,-1.22099460723192,-1.482521324556
"455","cuGS705",-10.9298291551467,0.812535161792376,-6.45302124631731,2.80020072256066
"456","cuGS706",-13.821593520066,3.66325227389646,-7.76350081710287,-4.13157682373583
"457","cuGS707",-19.3158264001201,1.19636099936157,-7.19246362597252,6.53710838013777
"458","cuGS708",-23.7192522810755,1.91109666839192,-0.0495579859346666,-3.43087920042081
"459","cuGS709",-31.0469922277005,-9.72671072793434,-0.801366069979367,-4.95529706705214
"460","cuGS71",6.25187098071151,1.27721868437241,-17.2886627724352,22.986111968387
"461","cuGS710",-19.4641327764373,9.72881970214772,-2.27290556916209,-2.86671604803897
"462","cuGS711",-21.011002634359,-4.70629917599371,-1.30763782112753,-4.79228007644739
"463","cuGS712",-20.7384490538861,1.28017618308076,1.12650146525977,-5.79298157403321
"464","cuGS713",-21.5197818962656,1.2793974876953,-3.27269850063224,-2.41551742186009
"465","cuGS714",20.1520972571256,30.175150665307,4.15347807566916,-10.8560506967739
"466","cuGS715",-19.6909888739991,-13.2999413000563,-17.0787466231456,14.7608971853351
"467","cuGS716",21.5142204085042,8.38814517956727,0.929299441692021,-2.52081610762705
"468","cuGS717",36.8391002277017,-16.3111233550154,10.6108046899678,-1.21472241651944
"469","cuGS718",21.2558007592174,-1.83015649106802,-5.65357651163919,8.42442059421992
"470","cuGS719",19.3548541781687,0.509117688759717,-7.80088308546829,6.93947671641256
"471","cuGS721",-42.9704480225358,-27.7596338105307,-1.93934037978808,-3.8987034610681
"472","cuGS722",-44.0831951794508,-28.3765600190047,-2.02747698739151,-3.2730207346822
"473","cuGS727",-41.7782718994173,-29.4324780727177,0.235122960643125,-1.40226230021685
"474","cuGS734",-40.2476853673602,-28.619806735544,-1.04292259136083,-0.523978467755412
"475","cuGS737",-42.1028021001,-28.3809581569213,-2.69320949576926,-3.64608725549407
"476","cuGS739",-39.8713147976587,-27.9864801016582,-4.27137796895517,-1.57230294894653
"477","cuGS74",9.59065054335762,1.14983559648071,-20.6842231052113,19.5003912903895
"478","cuGS743",-11.9831267099981,-20.5901473478056,-1.21286397459531,2.31270403734756
"479","cuGS744",-22.4130590847501,-8.54264967862524,-0.90231167372271,0.639207635865178
"480","cuGS745",13.2710869391962,-12.1325862668824,1.54118681122586,1.77200541165931
"481","cuGS746",-23.6532350068213,-23.6834023131881,-2.28129071096459,0.87818444691081
"482","cuGS747",-16.4463015916479,-25.501238019421,1.24726196086462,0.102266618799445
"483","cuGS748",-19.3299241389444,-27.3543853910081,-0.997144296922868,-0.304717227590411
"484","cuGS749",-15.0054636372351,-21.9769539307552,-0.398884666711587,1.35011806527194
"485","cuGS750",-41.9248007000056,-28.4433831354998,-2.87853307782501,-0.769566785070768
"486","cuGS751",-42.2180037946079,-29.535348704626,-1.95322169937678,-1.09820160180023
"487","cuGS752",-42.4075701951048,-28.625551829379,-3.27526273820116,-0.937809723459482
"488","cuGS753",-41.6458384988203,-28.1828876062088,-3.62247933206572,0.595424989443871
"489","cuGS754",-42.2378662486081,-27.954196292016,-3.97655365292984,-1.0278933154625
"490","cuGS755",-22.8683300246955,-26.5281597146985,-0.875540879673553,-1.35585270947678
"491","cuGS756",-41.4794859327933,-29.534694723699,-2.87595391638211,-1.17223641810558
"492","cuGS757",-42.7176583517132,-28.2861856947652,-2.45965445784946,-1.08128837695472
"493","cuGS758",-41.2886821704223,-28.5665305574932,-2.40152497399742,-2.7805023007079
"494","cuGS759",-40.2876924458216,-28.6741710966835,-2.36566801824388,-0.474001994779691
"495","cuGS76",12.8217096662323,-0.50824453096903,-14.447386338957,14.5697821501975
"496","cuGS760",-40.0363719972931,-27.9171885810657,-3.98554134329966,-1.14366427196185
"497","cuGS761",-41.2693368424643,-28.8327671821002,-1.60148750072124,-1.44298401942991
"498","cuGS762",-3.11163886499067,3.04902629068046,-27.2084216083627,28.8276791809748
"499","cuGS763",1.53639467891645,8.73237349086387,-14.8147816539757,12.7775572894384
"500","cuGS764",-41.5033773016161,-27.7095955937755,-0.785684363140371,-3.89305527591323
"501","cuGS765",-41.6380576057121,-28.6930364879167,-2.135857571982,-2.58773863358038
"502","cuGS767",-40.8210179533115,-27.5963650473893,-2.60600869764788,-0.264638572445678
"503","cuGS768",-13.1572859243299,-3.79580432764283,3.3343232888996,-13.0645695362889
"504","cuGS770",-42.5826028937463,-26.93979848451,-1.82930609678933,-4.70273746665171
"505","cuGS771",36.4949879120927,-14.8225213364682,1.39505044753917,3.16583546004796
"506","cuGS772",-24.0893058664004,-4.79282960227719,-0.0217322363850693,-8.25295961180899
"507","cuGS774",-26.5402482865641,-6.9170467656034,-4.73961921450353,-14.7554868467628
"508","cuGS775",-26.1794587483592,-4.61884787957517,-6.42101141401059,-11.9897484961417
"509","cuGS776",-29.380768400234,-7.10487818111218,-0.316050190014532,-14.6793938179929
"510","cuGS782",32.0252407918037,-10.1014391486485,7.59096792345942,0.29257266652101
"511","cuGS788",16.1145745175228,4.12743199817021,-7.68147231549206,0.941943751866721
"512","cuGS791",-3.16287199812946,3.58632647145825,-27.4786832696977,29.9010412113766
"513","cuGS792",22.3238108381633,-20.0897556506758,3.03016730397028,-5.43791000076988
"514","cuGS793",20.6705833127881,-20.6708533069831,2.86864476809381,-6.50677410963278
"515","cuGS794",22.3974019367277,-19.5591222687042,2.58292316870313,-5.14264505762358
"516","cuGS795",23.3762299855011,-19.702656113451,3.10394136117563,-5.5061321552633
"517","cuGS797",21.3048967840969,-20.2228893127479,2.57969737889771,-5.78244089857508
"518","cuGS798",22.8094956237064,-19.9202617099024,3.13433803995138,-5.66984930033082
"519","cuGS799",22.2072051525708,-19.460217720326,2.41389776700959,-5.23872133386273
"520","cuGS800",21.5151960270239,-20.5148564887062,2.949886780093,-6.29022962567145
"521","cuGS801",25.7296503491979,-16.683043683978,2.37593058254481,1.1148141982248
"522","cuGS802",22.945553342004,-19.5250060186994,2.69703496342293,-5.35363800304055
"523","cuGS803",22.2695310144436,-20.9593519031632,3.53814139107379,-6.85908912970446
"524","cuGS804",22.3476411337615,-19.4604761119112,2.15877239769571,-4.77616128687412
"525","cuGS805",-12.6194982563235,-6.21688280328972,-19.9966521093655,21.1229304445194
"526","cuGS806",-4.38305009746917,-6.3985536449987,-20.2052800730848,20.1588834039203
"527","cuGS807",-5.77324834621722,-5.51648877158804,-22.2837361137316,19.7200360459148
"528","cuGS808",-3.38593657394795,-6.88162646394611,-22.1594599598131,20.380737246048
"529","cuGS809",-6.0480586642211,-5.16792846574993,-23.3504211210239,19.3559939455497
"530","cuGS810",-11.5649398480261,-9.54424742930561,-15.0071074674656,14.6553724991731
"531","cuGS811",-11.0321102447456,-8.46984408954126,-15.2987646923931,14.2022413257397
"532","cuGS812",-9.90176183723422,-3.37994002664234,-21.5619687967468,22.2029847644257
"533","cuGS813",-4.55686320038076,-6.8610067453293,-21.3503699476963,18.9297837849431
"534","cuGS814",-9.63984371403377,34.3409525810515,4.45354331373897,-22.07250913253
"535","cuGS815",-26.2311043195378,9.65876453622682,0.583830066410033,-5.63962403424421
"536","cuGS830",-35.7504998847562,1.43526967640732,47.1559213633633,27.6470482121992
"537","cuGS831",-35.1468952193629,2.37231341731178,47.2087808773193,28.9666088484357
"538","cuGS832",-38.1061047639488,-1.19523448013982,47.8110682193481,26.8313457958291
"539","cuGS833",-29.7316469607711,7.52829941370523,29.4596011925316,6.5006865135055
"540","cuGS834",-34.4620635039884,4.76290879865067,46.7083249042788,39.2354163403716
"541","cuGS835",-28.5029199673035,7.76340471329044,29.4530329822349,7.07554465650839
"542","cuGS836",-29.6344790184772,5.904213967055,36.8416804289548,34.0742697738953
"543","cuGS837",-32.9889313139208,5.65512529046968,42.4364744328221,26.2570305952672
"544","cuGS838",-35.5135764957264,6.6808980558029,47.0502702438117,39.7678791081268
"545","cuGS839",-29.3353855355497,8.45047735532321,29.2783884248748,7.64536267478346
"546","cuGS840",-26.6767837519404,4.44002464116886,18.5691223215428,5.63293392369563
"547","cuGS841",-30.5675175912026,9.51288495594875,30.0881780415576,6.98213388023032
"548","cuGS842",-29.8081056377395,6.74330351502042,29.3523049793347,6.17159714253534
"549","cuGS843",-34.9646735202072,0.106099514302041,47.3282228109707,28.5865843808541
"550","cuGS846",-29.2422596403705,7.60144146599495,29.1799481290164,7.28268787907942
"551","cuGS847",-30.852461506537,6.89755280376105,34.8529974344933,18.5075741654789
"552","cuGS848",-30.0969968873104,8.00984549230994,29.4909895930344,7.06952757198271
"553","cuGS849",-36.1184015849919,4.82654577864662,44.789108227912,39.38232601418
"554","cuGS850",-37.3397013987569,-0.234051092323546,47.0436672088971,33.3637813988655
"555","cuGS851",-35.4307696119675,5.27112567525628,46.2382095782299,39.3483852985873
"556","cuGS852",-38.0681894650335,-1.33217529233302,45.86770184336,34.6287610355671
"557","cuGS853",-35.5992397055084,5.47664878811721,46.3208439287082,39.9467328974746
"558","cuGS854",-35.8513002552532,3.9013041626089,46.9612127503743,28.3245970964691
"559","cuGS855",-29.6854892239192,9.49904733894877,31.4373837573853,7.20288447775947
"560","cuGS856",-29.9776749929932,7.49430524960682,29.0769983418866,6.7971943523776
"561","cuGS857",-29.3089319548952,8.36434887915769,31.0330553540298,7.41162132184089
"562","cuGS858",-37.0915012377794,-1.64638168222628,47.0630658004429,34.2627272478758
"563","cuGS859",-29.5953971759593,9.67687271630018,30.4109272631899,7.83918351281486
"564","cuGS86",14.9307226408754,0.655782656474698,-15.1225757474288,15.1093414199266
"565","cuGS860",-33.100861374101,5.72178304813421,42.9524980969937,27.2603978357994
"566","cuGS861",-29.6700127122587,7.91309227428513,29.1782903642023,6.45462461684624
"567","cuGS863",-35.7981366658004,3.37503006521753,44.985399056945,38.7515375029567
"568","cuGS864",-28.8992245484769,7.30510737474088,29.994147476766,7.26072713858385
"569","cuGS865",-38.1779133006959,-2.36946617208634,47.1379077315513,26.7288552507406
"570","cuGS866",-28.5325829189007,6.45184686950773,29.3357723282025,7.53408749738891
"571","cuGS869",-40.0063733435323,1.91014866416574,48.205694233938,26.885435913776
"572","cuGS87",9.87062859763197,1.00224360740815,-17.6863470838602,19.4733961935398
"573","cuGS870",-40.8650693689869,-2.86766208664092,37.720303006882,25.7494274468584
"574","cuGS871",-41.1161363991574,-0.592458119655483,40.1981888045563,24.7611231422183
"575","cuGS875",-9.92759079205701,21.2858412338078,-11.0294954972915,-8.41863677209736
"576","cuGS876",-6.63349450075973,20.2394131746874,-14.8393028998232,-9.56786074459755
"577","cuGS877",0.230610536171045,17.9669265472531,-1.44735468209559,-20.1430120231889
"578","cuGS878",12.6515851331702,5.98108596402483,6.62631380718429,-20.6432723813962
"579","cuGS879",3.10239667487742,-16.5956247198299,5.96346261350172,-6.86382862610994
"580","cuGS880",-2.16708507681923,6.79593618840202,-9.37449905333938,1.83013520892217
"581","cuGS883",-35.9673613186927,-19.4170484048403,4.56695855990461,-4.38538115790503
"582","cuGS889",-2.71247981993886,20.6988809244473,-4.1924880099272,-4.22711912224286
"583","cuGS893",-6.25772432367569,22.8842191191035,-6.15499396920556,-1.82246389393173
"584","cuGS894",27.1433264689084,-26.4819979129512,11.5991677491683,-9.88399425582537
"585","cuGS895",29.1768115043528,-26.5655710779639,11.9604793415465,-9.76548001588042
"586","cuGS896",29.5817711297503,-26.5823717572318,12.4962103977013,-10.0282534518249
"587","cuGS897",30.2190978707095,-26.1481856419465,12.4336078923307,-9.70074735516238
"588","cuGS898",30.6699251274773,-25.831704440265,12.3050222299112,-9.43481396441296
"589","cuGS899",30.9189461799609,-22.7106018720944,10.375618635041,-5.36592183922329
"590","cuGS900",32.9765346821476,-21.6324196087425,8.91931114818182,-2.13501171058911
"591","cuGS901",34.2993491825154,-20.114769994988,9.68844095800856,-3.24547574141224
"592","cuGS902",34.8104041039015,-20.663901352503,10.640896415116,-3.67589525145997
"593","cuGS903",28.1260645364577,-25.2680344682527,10.5912044009253,-9.25768587201575
"594","cuGS904",32.4115216492523,-24.8115029064801,11.437371657103,-7.99235447608974
"595","cuGS905",23.6886616034241,-15.9788369384083,11.7915688001238,-8.92391197693186
"596","cuGS906",33.2658420014313,-17.3778472413412,5.73288735852359,1.7001809353116
"597","cuGS907",28.3517362652055,-25.6802344464125,12.1283626558501,-10.3625920281761
"598","cuGS908",27.3328228344235,-25.2829011612028,11.3397361502217,-10.2498686502957
"599","cuGS909",30.5137487560769,-17.1985286177176,7.41240140163156,-1.40588040133917
"600","cuGS910",27.9910654581014,-23.9936971578865,11.7980266221164,-9.3828476293747
"601","cuGS911",34.8612672967697,-19.5463532736874,9.97044501381941,-2.84235774666914
"602","cuGS912",27.9279647095344,-23.7266136632307,10.8196311948437,-8.65381318598429
"603","cuGS913",31.3531317997613,-20.1811826880025,9.23337040969131,-3.94652741397435
"604","cuGS914",33.1021425956417,-18.3111831757196,7.068029832672,-1.32487181507598
"605","cuGS915",31.873214521183,-18.5956283267668,8.52654370998477,-2.4929592983461
"606","cuGS916",28.0140497158119,-25.6926202961846,12.7010751072961,-10.4640102365877
"607","cuGS917",19.8331918590541,-6.57887960849376,4.23129369881351,-2.13295804018631
"608","cuGS918",27.4408052770235,-22.736700338625,11.7530592881482,-7.51671956802925
"609","cuGS919",17.1543873709044,-15.2093216225029,2.87396802194109,-6.90645427374504
"610","cuGS92",7.75751644878773,-1.09501618479528,-19.1741817957619,19.8800499850081
"611","cuGS924",29.7569452025272,-26.046978369343,12.621080664088,-10.0005770873993
"612","cuGS925",-33.979209305656,-4.89222911965361,-3.01363225384219,-15.3535940907763
"613","cuGS926",-31.7788017534861,-1.66481164475925,-3.66904480433445,-11.3870260627594
"614","cuGS928",-34.6802336162265,-6.46485471656903,-2.09677806817026,-18.2894383648463
"615","cuGS929",-34.3564529676162,-4.65510825966248,-1.9689858272525,-10.7627633356095
"616","cuGS930",-38.9247935826703,-10.3344754503717,0.213715432243253,-17.2855723504652
"617","cuGS931",-35.1696713762921,-5.13833692325748,-2.3854735739521,-16.0142551958937
"618","cuGS932",-33.1298863894087,-3.24475837748039,-2.06528672330471,-18.0155915636086
"619","cuGS933",-33.5009095973062,-1.80010778726613,-3.33578125655615,-12.775010609881
"620","cuGS934",-28.9746472962813,2.12828234459992,-5.11947805261269,-12.4409582569093
"621","cuGS935",-26.3418562940942,0.155981184192068,-7.15989635099849,-6.76157674891582
"622","cuGS936",-29.3333962916558,-5.6762108095076,-3.70868015922996,-14.2703301037209
"623","cuGS937",-26.2635800424615,0.186764824703739,-7.21602588363018,-5.67688153273078
"624","cuGS939",29.7901191463198,-21.4108536045091,10.5788286765253,-4.57408755454873
"625","cuGS94",-0.199249127408142,9.25789127854856,-6.24636811571772,8.01373585205427
"626","cuGS940",-26.136998016747,0.750909235138285,-5.71339682685618,-12.5990373026352
"627","cuGS941",-24.3695124403415,1.90299683032386,-7.58726488725453,-9.80621487255943
"628","cuGS942",42.5072605662587,-17.9104873880751,9.08703252928344,0.804527097657009
"629","cuGS943",-33.0705550796877,-15.096364918489,-5.64927882415435,-9.39326367042379
"630","cuGS944",-34.4392007209973,-14.3418109789853,-6.6955894555243,-8.54572983933787
"631","cuGS947",-35.1794248669945,-17.5303448387385,-5.04853943918264,-9.59033394233746
"632","cuGS948",-35.3018328514601,-14.5652710303576,-4.42703102836957,-8.52970423635229
"633","cuGS949",-35.6705276892879,-13.4323304552862,-4.80054069340657,-10.1347805789451
"634","cuGS950",-31.702224387838,-12.4209303366483,-4.3290499103705,-11.1697074723926
"635","cuGS951",-33.3404777952069,-13.2196601248887,-2.98728912085326,-10.3852374924147
"636","cuGS952",-38.3482639477337,-10.6631116830892,0.226300992436085,-15.8359226087905
"637","cuGS953",-22.8406375131146,-6.39039864226169,-7.39127909273108,-14.1600345400499
"638","cuGS954",-27.2623540397112,-10.2478141993913,-6.11988297154725,-14.774495478
"639","cuGS955",-25.7298950092429,-10.4945484559862,-6.48827479548651,-15.35463962459
"640","cuGS956",-26.4834861912305,-11.2685147931087,-7.18588888607892,-14.7566837399853
"641","cuGS957",-22.175790795606,-5.06643126700154,-6.62352852956342,-18.3673832657107
"642","cuGS958",-24.2605333122318,-9.69906517092687,-6.18844215589334,-15.5666942634697
"643","cuGS959",-33.2697143765657,-15.3620574031017,-0.227283030534499,-6.84859313664071
"644","cuGS960",-33.1433312878896,-15.5099810605946,-0.831356930603036,-7.55395155092177
"645","cuGS961",-31.6932809418935,-13.129111912286,-8.13892344488115,-14.9766530715818
"646","cuGS963",-21.4685770179043,-4.79791307606383,-10.7879634927793,-10.3032676223895
"647","cuGS964",-22.7608021948529,-2.44549401343385,-11.4709361900237,-11.828123783361
"648","cuGS965",-22.9902002274589,-4.45957172608835,-8.50781977848123,-9.54460670134762
"649","cuGS966",-22.2910302080163,-4.41044837664839,-8.74420787653972,-10.2964151899667
"650","cuGS967",-23.297050920725,-3.47464261958088,-10.9761434236144,-9.55614032376755
"651","cuGS968",-23.8704556937692,-2.02768472743795,-11.4707193336353,-11.288035870372
"652","cuGS969",-32.2410757453904,-12.8950298594499,-3.25202910184488,-16.3835614318409
"653","cuGS970",-31.1053179027874,-9.83548834619793,-9.18495609320622,-12.8518625899509
"654","cuGS971",-26.9103119028019,-1.87479615973059,-4.35777870968627,-14.5815626658488
"655","cuGS972",-29.6724427362657,-10.2871837181132,-5.6839307021464,-11.2069980502393
"656","cuGS973",-32.2224033005493,-12.5393131660306,-6.08755629309561,-11.0346451768755
"657","cuGS975",-35.3453439821651,-8.95495653846496,-3.99662079114835,-13.8564174871385
"658","cuGS976",-35.5003927314436,-10.7611415348852,-4.80801967351197,-13.8362933355417
"659","cuGS977",-36.0906951173204,-10.8030645033358,-4.67093598557063,-13.789119300925
"660","cuGS978",-35.7519831292122,-10.4224197126364,0.341399982359605,-14.7283332276826
"661","cuGS979",-36.2167058180058,-10.5249862415728,-0.492332782584682,-14.8608741615726
"662","cuGS980",-33.3160801793009,-9.18348472573531,-4.25371093312863,-12.4039232939137
"663","cuGS981",-32.3070980668071,-10.8806405966776,-4.89891389188999,-10.8776174561285
"664","cuGS982",-26.9821785706352,-4.66065306648844,-7.11881251886535,-8.19073952579422
"665","cuGS985",-33.7595922195425,-12.7613510242955,-3.88245088117253,-13.5187879075764
"666","cuGS987",-20.1211417147103,-7.51506310504621,-2.47136038858333,-1.16547574983423
"667","cuGS989",-17.0486716310257,-7.46746760031149,-0.675681681702814,-5.25387974065398
"668","cuGS991",-21.4172580361018,-10.8336435817219,-5.59141699794634,-4.46446809123101
"669","cuGS992",-26.978342539178,-10.5243005095724,-5.48281834724033,-8.5451507338149
"670","cuGS993",-19.5346648775235,-11.9622938799085,-2.3267629021089,-8.09861571864277
"671","cuGS996",-24.3726043393156,-11.3837492368755,-1.71713611334737,1.11085193330295
"672","cuGS997",-29.611977180371,-11.7216657391372,-1.72461832754166,-10.0160539495235
"673","cuGS999",-28.8544551005566,-10.5200244795246,0.663453916281758,-17.3779549796968
"674","MSU10",1.06573966310058,16.4544034376972,-4.20493409282074,2.9581919202968
"675","MSU100",5.06009602740938,17.3915080156005,-8.43756177341311,7.16058965859447
"676","MSU101",6.70192374797433,19.2568896895992,-9.95624109235772,7.08401044497326
"677","MSU103",0.227614339002264,23.6666808436996,-6.87609922271666,5.37023549084379
"678","MSU105",17.6976101653104,16.2131590191284,4.70443753062941,-5.37990868632562
"679","MSU11",37.3951041763205,-10.4975682611306,6.18391988987376,-0.452463137832949
"680","MSU12",36.2500070051081,-13.1352187476211,7.27063611319071,0.328433357752319
"681","MSU13",7.57752679149846,8.24835288137142,-7.01281460847053,10.5067203331219
"682","MSU16",24.2258102188582,7.05885082604653,3.83859497675282,-4.90484516005447
"683","MSU17",27.4699705670616,3.51804367772927,4.25244010241,-2.97000088097035
"684","MSU18",18.6737572598938,7.70866967410658,5.18234013680462,-5.74575201641563
"685","MSU2",1.90966272117555,14.3047268310321,-6.51109719626028,4.55245835347507
"686","MSU20",-4.44905697190179,29.1976425759655,9.86690128928569,-2.00291071749739
"687","MSU22",19.2984672305551,5.43883374764292,5.49026652933532,-7.35778624233932
"688","MSU23",12.2283381530689,2.98166978567928,5.19413836640873,-14.0901657408359
"689","MSU24",12.2670536079964,10.5078881266581,-8.06541940879559,9.62823265168108
"690","MSU25",-0.173000191863777,34.5331881629477,-0.375679399252755,-10.0594370339907
"691","MSU27",-2.82816943031261,3.01141140457333,-14.0103639776242,10.3987488887791
"692","MSU34",4.99947263042221,17.0986709621496,-8.6329352069559,8.24146962522823
"693","MSU35",-5.09868693062582,26.1922208995715,3.17002349754406,-1.13597431473357
"694","MSU4",-8.35337528985528,20.6944907684508,1.6154603516361,-10.0040351602424
"695","MSU40",25.2403438268443,6.94767829790075,5.82447877930766,-5.90977496662167
"696","MSU41",6.84104672938766,5.23259000892486,-11.8202578797674,11.7819641305003
"697","MSU44",0.0579732067572881,19.4668787963714,-4.6577810273862,-3.09851317236899
"698","MSU45",-0.250565833236847,20.9340043736794,6.00278850898934,-8.36919310915345
"699","MSU46",-6.24622499383761,37.5769067502912,24.7053616628104,15.0557746992294
"700","MSU47",7.14093774981571,18.7774140002889,-6.09891355773717,2.03695231213886
"701","MSU5",42.6664993038398,-17.8578310237077,8.98526594467061,1.0733202351082
"702","MSU54",-15.5896833790557,22.3185773058252,10.2242751120145,19.7735029382423
"703","MSU55",-1.97577333187811,26.8504190941906,-2.03986537023591,1.2494076178494
"704","MSU56",3.07403698223065,7.39466199246686,3.25205146712375,-8.50586020533578
"705","MSU62",2.63081832388997,23.5849021717394,-6.47985649372171,-0.183257420522028
"706","MSU63",2.2352141833401,9.46202991287603,-5.15866289009556,8.09864451438847
"707","MSU64",3.46766086175049,13.2903815772155,-10.5655124207572,13.3133031329845
"708","MSU65",-3.24069523404645,26.7268266697433,1.74382762850763,5.57608812512591
"709","MSU66",0.23022751875284,27.1593169715022,-6.81466665532056,1.03681948369638
"710","MSU67",-6.79103955277803,27.3761382532493,6.14640755414186,-5.37391350257474
"711","MSU68",5.62131356521408,14.9014648854661,-14.9387768114835,9.56572566781419
"712","MSU69",8.01801585645995,6.76076458872169,-10.1644338952646,13.8132715998188
"713","MSU7",-14.6699552256449,-10.2312823644433,-6.70158350191746,9.30262727085239
"714","MSU70",0.513862915938345,34.969148161582,-3.33434496090943,-7.08973081773837
"715","MSU71",2.56176351209926,29.9182736845014,-6.70391359054378,-3.27313781123642
"716","MSU73",11.4349351143165,9.63533866125747,0.492614141147939,-8.27617698080272
"717","MSU74",3.31118747181831,37.8552342443351,-1.99139467071517,-3.69131386027188
"718","MSU75",7.46270567019615,10.2267329102666,-0.133277560989823,-2.85115290760662
"719","MSU78",-6.44437855584826,28.0436451053724,-3.10183693152675,-12.5755032532603
"720","MSU79",-2.9997294480366,15.5594103019536,-9.90008447262738,7.24912555200719
"721","MSU83",-3.03825431279125,21.6902588813493,1.95127469171546,-14.1511409312488
"722","MSU85",17.2858667316966,-0.262446928218983,-7.94078938042318,10.4799648155324
"723","MSU87",8.41811960607529,8.29809381663448,3.66284904324416,-12.8215796858187
"724","MSU88",1.52285964641819,14.3995685899978,-15.2864216734116,6.5268595216433
"725","MSU89",18.0149039889698,-1.64730121332127,-3.86415397570664,2.38971734748384
"726","MSU9",-6.41010172643265,19.5689722865341,-3.53999689246431,-3.81070265292133
"727","MSU92",-10.6299717401907,29.1500559100975,1.17936932888543,-9.73797399010909
"728","MSU94",-9.53251400309561,31.2514613705733,30.5806611033333,14.8144883200771
"729","MSU96",-0.691535600148566,21.7172213358606,-15.7566497158848,6.47841033044145
"730","MSU97",-0.75306621799077,30.413941332742,7.56027809517727,-6.67912601228193
