Taxa,Group,RefInf,ID,BLUP,PEV,BLUE,Prediction,Pred_Heritable
cuGS1000,1,1,1,0.0676267362324942,0.16903665975202,-0.560224994037102,-0.492598257804608,-0.492598257804608
cuGS1001,2,1,2,0.790654296350025,0.152474777985489,-0.502900822642194,0.287753473707831,0.287753473707831
cuGS1002,3,1,3,0.561410662006347,0.151332483034758,-0.488443999179815,0.0729666628265315,0.0729666628265315
cuGS1003,4,1,4,-0.604943749378207,0.163332188330303,-0.442925990535716,-1.04786973991392,-1.04786973991392
cuGS1004,5,1,5,-0.00723665979082068,0.165809011349224,-0.466006063895941,-0.473242723686762,-0.473242723686762
cuGS1005,6,1,6,-0.052797988752833,0.175794029317384,-0.492090929232729,-0.544888917985562,-0.544888917985562
cuGS1006,7,1,7,-0.536932308436093,0.16965696428471,-0.436654691998106,-0.973587000434199,-0.973587000434199
cuGS1009,8,1,8,-0.0532265669074218,0.206299397008828,-0.599689049369946,-0.652915616277367,-0.652915616277367
cuGS1010,9,1,9,0.306625059502985,0.203764023903161,-0.540767030670073,-0.234141971167088,-0.234141971167088
cuGS1012,10,1,10,0.126908344349133,0.193899817003484,-0.523304040685422,-0.39639569633629,-0.39639569633629
cuGS1013,11,1,11,-0.168727254518758,0.165621725853931,-0.460003532721928,-0.628730787240686,-0.628730787240686
cuGS1014,12,1,12,-0.00424514013117503,0.179993474815956,-0.499416897873359,-0.503662038004534,-0.503662038004534
cuGS1018,13,1,13,0.403617704404517,0.193412537324137,-0.535233856641565,-0.131616152237048,-0.131616152237048
cuGS1019,14,1,14,0.339330081742897,0.220970624036432,-0.565838932514357,-0.226508850771461,-0.226508850771461
cuGS1020,15,1,15,-0.0602182470123411,0.211358239894177,-0.533381680739608,-0.593599927751949,-0.593599927751949
cuGS1021,16,1,16,0.68059053172346,0.200657010510734,-0.480426316166453,0.200164215557006,0.200164215557006
cuGS1024,17,1,17,0.338835855573051,0.22297064295784,-0.608666675140385,-0.269830819567335,-0.269830819567335
cuGS1025,18,1,18,-0.118262179467387,0.209961814231784,-0.599947512820553,-0.71820969228794,-0.71820969228794
cuGS1026,19,1,19,-0.0583688571593329,0.187759096532892,-0.396471209612276,-0.454840066771609,-0.454840066771609
cuGS1027,20,1,20,0.0572656877887989,0.194951692471453,-0.510961010362137,-0.453695322573338,-0.453695322573338
cuGS1028,21,1,21,0.11525925128023,0.194219938629947,-0.496005535697025,-0.380746284416795,-0.380746284416795
cuGS1032,22,1,22,0.54020590726523,0.190421289701893,-0.43732089819937,0.10288500906586,0.10288500906586
cuGS1033,23,1,23,0.000777555621925934,0.171104680086438,-0.443394291031604,-0.442616735409678,-0.442616735409678
cuGS1034,24,1,24,-0.486045286479676,0.170843721098503,-0.441100296273889,-0.927145582753565,-0.927145582753565
cuGS1035,25,1,25,-0.1928753185229,0.171090086515607,-0.420800379645334,-0.613675698168234,-0.613675698168234
cuGS1036,26,1,26,-0.452426705674888,0.179924414919994,-0.222269601779751,-0.674696307454639,-0.674696307454639
cuGS1037,27,1,27,-0.0566599609946895,0.212315690006241,-0.57137113664274,-0.628031097637429,-0.628031097637429
cuGS1038,28,1,28,-0.141966580201114,0.176225491204315,-0.479969453167584,-0.621936033368698,-0.621936033368698
cuGS1041,29,1,29,-0.237537282155014,0.291994216381673,0.434010998955128,0.196473716800113,0.196473716800113
cuGS1042,30,1,30,0.205072354583043,0.182605903821496,-0.365248368401823,-0.16017601381878,-0.16017601381878
cuGS1044,31,1,31,0.070925594850303,0.228714764944437,-0.565027552691688,-0.494101957841385,-0.494101957841385
cuGS1045,32,1,32,0.0459479779433989,0.202939850403702,-0.498522473759629,-0.45257449581623,-0.45257449581623
cuGS1046,33,1,33,-0.199480698478338,0.165136068380272,-0.354214549573694,-0.553695248052033,-0.553695248052033
cuGS1049,34,1,34,-0.227480257593173,0.171378092529628,0.350775851202478,0.123295593609305,0.123295593609305
cuGS1050,35,1,35,0.21025191286626,0.187182366002726,0.37650916907524,0.5867610819415,0.5867610819415
cuGS1051,36,1,36,0.14061883671485,0.359087992746757,0.411237810993694,0.551856647708544,0.551856647708544
cuGS1052,37,1,37,0.156207505707905,0.240742415616101,0.361094930726902,0.517302436434807,0.517302436434807
cuGS1053,38,1,38,-0.363537186267266,0.33325482857126,0.363097292624607,-0.000439893642659062,-0.000439893642659062
cuGS1054,39,1,39,-0.408085347077386,0.411243030523185,0.598665527617793,0.190580180540407,0.190580180540407
cuGS1055,40,1,40,-0.383717972973949,0.140333458827527,0.182649356400768,-0.201068616573181,-0.201068616573181
cuGS1056,41,1,41,-0.25449247123836,0.199538921187429,0.172324254012098,-0.0821682172262622,-0.0821682172262622
cuGS1057,42,1,42,0.0065089233494303,0.154064349628836,0.158617986301762,0.165126909651192,0.165126909651192
cuGS1066,43,1,43,-0.566164167313656,0.144363020978048,0.162555123466457,-0.403609043847199,-0.403609043847199
cuGS1070,44,1,44,-0.061582060148756,0.120422015246995,0.172688315511309,0.111106255362553,0.111106255362553
cuGS1072,45,1,45,0.535341147794243,0.119751961712207,0.297693776161921,0.833034923956164,0.833034923956164
cuGS1074,46,1,46,-0.406877171780383,0.133700818345835,0.135398373960959,-0.271478797819424,-0.271478797819424
cuGS1075,47,1,47,-0.268578330041058,0.121577943695438,0.0726790716059678,-0.19589925843509,-0.19589925843509
cuGS1076,48,1,48,0.202453492438011,0.177500509218971,0.252931057496506,0.455384549934517,0.455384549934517
cuGS1077,49,1,49,0.43284404195478,0.161748711784651,0.258808450706305,0.691652492661084,0.691652492661084
cuGS1078,50,1,50,-0.609563292879997,0.142265849126277,0.143077708904372,-0.466485583975624,-0.466485583975624
cuGS1080,51,1,51,-0.138769449968242,0.132549235002164,0.0795560890479584,-0.0592133609202833,-0.0592133609202833
cuGS1081,52,1,52,-0.776439496992956,0.128677448558784,0.150199588601594,-0.626239908391362,-0.626239908391362
cuGS1086,53,1,53,0.108477246276835,0.146441270343529,0.199526837309465,0.3080040835863,0.3080040835863
cuGS1087,54,1,54,-0.0454125550942985,0.148341729117843,0.048487384618941,0.00307482952464253,0.00307482952464253
cuGS1089,55,1,55,-0.585378175244572,0.124358962397439,0.165073398979179,-0.420304776265392,-0.420304776265392
cuGS1092,56,1,56,0.135514242698937,0.101086539383674,0.0382189942180597,0.173733236916996,0.173733236916996
cuGS1093,57,1,57,0.416038877923061,0.111090931936203,0.101859714520525,0.517898592443586,0.517898592443586
cuGS1096,58,1,58,-0.392303507833696,0.134229618598833,0.110817447805866,-0.28148606002783,-0.28148606002783
cuGS1099,59,1,59,-0.386553708397463,0.130978915191756,0.250461742248349,-0.136091966149114,-0.136091966149114
cuGS1100,60,1,60,-0.0858040120112523,0.121722790149113,0.200684355027272,0.11488034301602,0.11488034301602
cuGS1101,61,1,61,0.123281671795234,0.114676667265394,0.154254602664783,0.277536274460016,0.277536274460016
cuGS1102,62,1,62,0.131310273195834,0.109725183187206,0.156894940088995,0.288205213284829,0.288205213284829
cuGS1103,63,1,63,0.0584483930368791,0.0935173215601158,0.0299901234799565,0.0884385165168356,0.0884385165168356
cuGS1104,64,1,64,0.0835325396693775,0.0990757469711969,-0.0278546599551059,0.0556778797142715,0.0556778797142715
cuGS1105,65,1,65,-0.845606125976027,0.19819508268047,-0.0214078716992383,-0.867013997675265,-0.867013997675265
cuGS1108,66,1,66,-0.468523091724453,0.191162450842764,0.0360210176024456,-0.432502074122007,-0.432502074122007
cuGS1109,67,1,67,0.862143068047105,0.160065475214879,-0.314239115708214,0.54790395233889,0.54790395233889
cuGS1110,68,1,68,-0.528822118852396,0.116965289294922,-0.0914716266017267,-0.620293745454123,-0.620293745454123
cuGS1112,69,1,69,-0.476445524692478,0.108030417892209,-0.100842103841352,-0.577287628533829,-0.577287628533829
cuGS1113,70,1,70,-0.655380827403609,0.107891291422463,0.00271213307632873,-0.65266869432728,-0.65266869432728
cuGS1114,71,1,71,-0.0457305733614529,0.124404815108464,-0.158851042575626,-0.204581615937079,-0.204581615937079
cuGS1115,72,1,72,-0.0415312289556137,0.124765433067408,-0.0726284830464503,-0.114159712002064,-0.114159712002064
cuGS1116,73,1,73,0.225825292991717,0.122714531565403,-0.157236403663326,0.0685888893283908,0.0685888893283908
cuGS1117,74,1,74,-0.216939372135262,0.131151098223745,-0.366871990546796,-0.583811362682058,-0.583811362682058
cuGS1118,75,1,75,0.0870632671354355,0.116406057350019,-0.18834912831743,-0.101285861181994,-0.101285861181994
cuGS1119,76,1,76,-0.106125612437096,0.123582402511791,-0.352621093887578,-0.458746706324673,-0.458746706324673
cuGS1120,77,1,77,0.000220496648319968,0.145502942829918,-0.462964186907769,-0.462743690259449,-0.462743690259449
cuGS1121,78,1,78,-0.308550345259051,0.101632056215577,-0.157776131469646,-0.466326476728697,-0.466326476728697
cuGS1122,79,1,79,-0.474932222872142,0.104633462255116,-0.0340993153244308,-0.509031538196573,-0.509031538196573
cuGS1123,80,1,80,-0.172571681199054,0.168481493268344,-0.24637149434443,-0.418943175543484,-0.418943175543484
cuGS1126,81,1,81,-0.442300898098735,0.159519948507012,-0.116879602295378,-0.559180500394114,-0.559180500394114
cuGS1128,82,1,82,0.147943641500334,0.164949286421043,-0.187014583465352,-0.0390709419650183,-0.0390709419650183
cuGS1129,83,1,83,-0.615690079114341,0.155786880226056,-0.109696325760622,-0.725386404874964,-0.725386404874964
cuGS1161,84,1,84,-0.84684582757911,0.183997966657025,0.336578414621213,-0.510267412957897,-0.510267412957897
cuGS1162,85,1,85,-0.617979904966494,0.203974270289698,0.393771687108276,-0.224208217858218,-0.224208217858218
cuGS1163,86,1,86,-0.728882618615815,0.147751216231635,0.33082278823629,-0.398059830379525,-0.398059830379525
cuGS1164,87,1,87,-0.594787181112724,0.177535304124446,0.398356152331966,-0.196431028780758,-0.196431028780758
cuGS1166,88,1,88,0.0704160726467526,0.167463933647017,0.333996170452962,0.404412243099715,0.404412243099715
cuGS1167,89,1,89,-0.19644411827408,0.171701438300291,0.384562396148038,0.188118277873959,0.188118277873959
cuGS1168,90,1,90,-0.182034528884423,0.248803903744693,0.424714044861982,0.242679515977559,0.242679515977559
cuGS1169,91,1,91,-0.688987415218581,0.12914355130442,0.213462898224183,-0.475524516994397,-0.475524516994397
cuGS117,92,1,92,-0.368283961005587,0.13325222082563,0.11714557292607,-0.251138388079517,-0.251138388079517
cuGS1171,93,1,93,-0.149191696866507,0.129751286918614,0.140424212309099,-0.00876748455740833,-0.00876748455740833
cuGS1172,94,1,94,0.653789161611698,0.173700840869841,0.309550051524291,0.963339213135989,0.963339213135989
cuGS1174,95,1,95,0.186596943900308,0.166212875543665,0.334687266734916,0.521284210635223,0.521284210635223
cuGS1175,96,1,96,-0.062824036860599,0.193765333338235,0.385854744145422,0.323030707284823,0.323030707284823
cuGS1176,97,1,97,0.350684975460969,0.176833181786444,0.327637388484133,0.678322363945102,0.678322363945102
cuGS1177,98,1,98,-0.141238419532196,0.134028306536607,0.243501406695245,0.102262987163049,0.102262987163049
cuGS1181,99,1,99,-0.553692004059845,0.136035283183294,0.316920003183243,-0.236772000876602,-0.236772000876602
cuGS1183,100,1,100,-0.0872675855549194,0.15587502223231,0.36042448981844,0.273156904263521,0.273156904263521
cuGS1184,101,1,101,-0.156883077032675,0.148783692831748,0.321996056054028,0.165112979021353,0.165112979021353
cuGS1185,102,1,102,-0.292605308930974,0.166255918019901,0.294459199342057,0.00185389041108369,0.00185389041108369
cuGS1186,103,1,103,-0.646132969071824,0.147168055774643,0.32977269181053,-0.316360277261294,-0.316360277261294
cuGS1187,104,1,104,-0.93322551838533,0.165249586036824,0.334339138975435,-0.598886379409895,-0.598886379409895
cuGS1188,105,1,105,-0.435434669724321,0.161093693106628,0.294201665122587,-0.141233004601734,-0.141233004601734
cuGS1189,106,1,106,-0.00496430332810172,0.13200831962426,0.2681046753236,0.263140371995498,0.263140371995498
cuGS1192,107,1,107,-0.317454449090435,0.120580040673755,0.207002980742542,-0.110451468347892,-0.110451468347892
cuGS1195,108,1,108,-0.390419923593604,0.123915067626495,0.233379945840647,-0.157039977752957,-0.157039977752957
cuGS1196,109,1,109,0.640402427233385,0.135932289688998,0.19639909661017,0.836801523843555,0.836801523843555
cuGS1197,110,1,110,0.325755681545088,0.13834060271595,0.314638542069895,0.640394223614983,0.640394223614983
cuGS1198,111,1,111,-0.158595446200332,0.127381900547098,0.327256226304056,0.168660780103723,0.168660780103723
cuGS1199,112,1,112,0.395402285983966,0.12220154199129,0.295954907336584,0.69135719332055,0.69135719332055
cuGS1200,113,1,113,0.460043489393393,0.128076921922553,0.332328536664402,0.792372026057795,0.792372026057795
cuGS1201,114,1,114,0.140116911831048,0.145535216432629,0.351267903190303,0.49138481502135,0.49138481502135
cuGS1202,115,1,115,0.0660625787448665,0.11615464128499,0.314862500640062,0.380925079384929,0.380925079384929
cuGS1203,116,1,116,0.594903490905887,0.136033014050118,0.356882361838916,0.951785852744803,0.951785852744803
cuGS1204,117,1,117,0.717631331335631,0.138212759483615,0.337131373208947,1.05476270454458,1.05476270454458
cuGS1205,118,1,118,0.172008800769892,0.156226123641257,0.25012673095118,0.422135531721073,0.422135531721073
cuGS1206,119,1,119,-0.338083401512106,0.120797995419974,-0.121126418533225,-0.459209820045331,-0.459209820045331
cuGS1207,120,1,120,-0.420935675347509,0.125864103269181,0.0781905735147342,-0.342745101832775,-0.342745101832775
cuGS1208,121,1,121,-0.345223657565195,0.132801560881917,-0.0311934455336612,-0.376417103098856,-0.376417103098856
cuGS1209,122,1,122,-0.162176852209927,0.122080940455855,-0.0611702728787807,-0.223347125088708,-0.223347125088708
cuGS1210,123,1,123,0.127709888803957,0.176355466222418,0.282871693743344,0.410581582547301,0.410581582547301
cuGS1211,124,1,124,-0.475968073738891,0.169833335190254,0.271461436469491,-0.2045066372694,-0.2045066372694
cuGS1213,125,1,125,0.201371656187215,0.0986312105558846,0.209231795675831,0.410603451863046,0.410603451863046
cuGS1215,126,1,126,-0.000433966149054582,0.228035492545258,-0.702494086647244,-0.702928052796299,-0.702928052796299
cuGS1216,127,1,127,0.0795036752778518,0.212751875140218,-0.648189903661051,-0.568686228383199,-0.568686228383199
cuGS1217,128,1,128,0.325972526003904,0.161458941127074,0.176930504675983,0.502903030679887,0.502903030679887
cuGS1220,129,1,129,0.213025035862848,0.15714845923809,0.214013879011093,0.427038914873941,0.427038914873941
cuGS1221,130,1,130,0.632724777716037,0.154764079100517,0.22564589268996,0.858370670405997,0.858370670405997
cuGS1222,131,1,131,-0.105211700269435,0.168351609244137,0.238868058289073,0.133656358019637,0.133656358019637
cuGS1223,132,1,132,0.00429440170211412,0.111780609593438,0.235039154662887,0.239333556365001,0.239333556365001
cuGS1230,133,1,133,0.227788868444571,0.169775582815498,0.259773241296376,0.487562109740948,0.487562109740948
cuGS1231,134,1,134,0.358904644403971,0.17644278871054,0.268751792011446,0.627656436415418,0.627656436415418
cuGS1232,135,1,135,0.215753554998591,0.082484905184832,0.142901589389861,0.358655144388453,0.358655144388453
cuGS1235,136,1,136,0.233435561190014,0.174330533835866,0.271245867669593,0.504681428859607,0.504681428859607
cuGS1238,137,1,137,-0.117415881839052,0.171322550510817,0.264112156492011,0.146696274652959,0.146696274652959
cuGS1239,138,1,138,-0.160866619931051,0.173411319302236,0.213656939770369,0.052790319839318,0.052790319839318
cuGS1240,139,1,139,0.429892504905799,0.184151852202754,-0.553978946370147,-0.124086441464349,-0.124086441464349
cuGS1241,140,1,140,0.278293932057304,0.170435457096808,0.266562406890709,0.544856338948014,0.544856338948014
cuGS1242,141,1,141,-0.0828820911989381,0.18441912810399,0.290185557990177,0.207303466791239,0.207303466791239
cuGS1243,142,1,142,0.0199499437641156,0.179778665618638,0.286763044971162,0.306712988735278,0.306712988735278
cuGS1244,143,1,143,0.0821847270850214,0.183781726692856,0.264611641184623,0.346796368269645,0.346796368269645
cuGS1246,144,1,144,0.0521493976610452,0.144982442017859,0.0544937781142837,0.106643175775329,0.106643175775329
cuGS1247,145,1,145,-0.0111765862582779,0.15446195963351,0.201160457150052,0.189983870891774,0.189983870891774
cuGS1248,146,1,146,0.0399656840701173,0.13967495521815,0.109745487618071,0.149711171688188,0.149711171688188
cuGS1249,147,1,147,0.121675256405419,0.143267188472162,0.133416658852557,0.255091915257976,0.255091915257976
cuGS1250,148,1,148,0.253697694967275,0.152012311953579,0.184457449305558,0.438155144272832,0.438155144272832
cuGS1252,149,1,149,0.423842090064243,0.174756609928908,0.119473309868119,0.543315399932362,0.543315399932362
cuGS1253,150,1,150,0.44911798548038,0.171497768466648,0.220777588503528,0.669895573983908,0.669895573983908
cuGS1256,151,1,151,-0.0787499090625173,0.0817871810989832,0.174240636745237,0.0954907276827199,0.0954907276827199
cuGS1257,152,1,152,-0.0550091140127647,0.15832508935545,0.203451960248421,0.148442846235656,0.148442846235656
cuGS1258,153,1,153,0.111935606378981,0.163071256505726,0.222026063142656,0.333961669521638,0.333961669521638
cuGS1259,154,1,154,-0.0389302257218081,0.173255642250706,0.219366950967186,0.180436725245378,0.180436725245378
cuGS1261,155,1,155,-0.00214438279893875,0.134034212975864,0.0343087856357124,0.0321644028367737,0.0321644028367737
cuGS1262,156,1,156,-0.169702175492698,0.123554433596805,-0.0746221757805385,-0.244324351273237,-0.244324351273237
cuGS1263,157,1,157,-0.284755962202331,0.0889891636767401,0.112730575332351,-0.17202538686998,-0.17202538686998
cuGS1264,158,1,158,-0.217731508205657,0.0827187394458345,0.0589631002526436,-0.158768407953014,-0.158768407953014
cuGS1265,159,1,159,-0.0158482016500852,0.0822540752778044,0.070070963816874,0.0542227621667887,0.0542227621667887
cuGS1266,160,1,160,0.0557435757159095,0.0894147800615442,0.0343035802137879,0.0900471559296973,0.0900471559296973
cuGS1267,161,1,161,-0.0994536177797135,0.0777067556789593,0.0454949675645487,-0.0539586502151648,-0.0539586502151648
cuGS1268,162,1,162,-0.230945334534366,0.0821670956807397,0.0613947494545813,-0.169550585079785,-0.169550585079785
cuGS1269,163,1,163,-0.118799534764643,0.0889364580109057,0.0282683234569674,-0.0905312113076752,-0.0905312113076752
cuGS1270,164,1,164,-0.208147650847055,0.0910870939579286,0.0281588343280675,-0.179988816518987,-0.179988816518987
cuGS1271,165,1,165,0.92809424546017,0.105741000246245,0.113906648947679,1.04200089440785,1.04200089440785
cuGS1278,166,1,166,-0.278507759058905,0.160152467323223,0.0131129480619528,-0.265394810996953,-0.265394810996953
cuGS1279,167,1,167,-0.123725952969148,0.149556833984014,-0.0943001882726269,-0.218026141241774,-0.218026141241774
cuGS1286,168,1,168,-0.225283681721411,0.152479546495955,-0.0437936525870516,-0.269077334308463,-0.269077334308463
cuGS1287,169,1,169,-0.13440393808672,0.148364686596699,-0.0911788573644076,-0.225582795451128,-0.225582795451128
cuGS1290,170,1,170,-0.377960035698226,0.153930071184315,-0.0538023951264424,-0.431762430824668,-0.431762430824668
cuGS1291,171,1,171,-0.30354585165244,0.155500103600601,-0.0810712513293737,-0.384617102981814,-0.384617102981814
cuGS1292,172,1,172,-0.286154342642543,0.15857314425781,-0.0799327504763661,-0.366087093118909,-0.366087093118909
cuGS1299,173,1,173,-0.233777887088008,0.156319034739306,-0.0523071965987754,-0.286085083686783,-0.286085083686783
cuGS1301,174,1,174,-0.384232422464299,0.112767290643561,-0.101528956974217,-0.485761379438516,-0.485761379438516
cuGS1302,175,1,175,0.296765402195398,0.119346360967413,-0.264929606024695,0.0318357961707034,0.0318357961707034
cuGS1303,176,1,176,-0.240388653911409,0.113671923121608,-0.263750624279513,-0.504139278190922,-0.504139278190922
cuGS1304,177,1,177,-0.0956427455769054,0.126472589318396,-0.25735695905596,-0.352999704632866,-0.352999704632866
cuGS1305,178,1,178,-0.28052845626572,0.113472961297797,-0.212227304432159,-0.492755760697879,-0.492755760697879
cuGS1306,179,1,179,-0.360962631999084,0.120790444930345,-0.406288192950517,-0.767250824949601,-0.767250824949601
cuGS1307,180,1,180,-0.232262517691538,0.11264857915549,-0.122539853581941,-0.354802371273479,-0.354802371273479
cuGS1308,181,1,181,-0.445222616844526,0.10095285216238,-0.165115000905556,-0.610337617750082,-0.610337617750082
cuGS1309,182,1,182,-0.37857282676166,0.113227843711645,-0.0773796819343641,-0.455952508696024,-0.455952508696024
cuGS1310,183,1,183,-0.237649334594597,0.108461024196587,-0.306784342651861,-0.544433677246458,-0.544433677246458
cuGS1315,184,1,184,0.147411473272346,0.146015740982297,0.206908287555848,0.354319760828194,0.354319760828194
cuGS1316,185,1,185,0.27077704535886,0.149270894863735,0.257148396142445,0.527925441501305,0.527925441501305
cuGS1317,186,1,186,0.303287387849841,0.142287436676091,0.232377079681464,0.535664467531305,0.535664467531305
cuGS1318,187,1,187,-0.126277358199056,0.151951695198444,0.27249405107755,0.146216692878494,0.146216692878494
cuGS1319,188,1,188,-0.197645726377426,0.0896365791205028,0.198750886933175,0.00110516055574836,0.00110516055574836
cuGS1320,189,1,189,-0.0664804831421239,0.094396662745033,0.236304145783544,0.16982366264142,0.16982366264142
cuGS1321,190,1,190,-0.105733336322615,0.109208469482507,0.296258387667084,0.190525051344469,0.190525051344469
cuGS1322,191,1,191,-0.282809644195155,0.0878336246681693,0.202074190448561,-0.0807354537465944,-0.0807354537465944
cuGS1342,192,1,192,0.444668829123364,0.201695477198104,0.0915815178595321,0.536250346982897,0.536250346982897
cuGS136,193,1,193,-0.076756474857988,0.134741943612191,0.18227276134838,0.105516286490392,0.105516286490392
cuGS1364,194,1,194,-0.0639294380012226,0.179623603200897,0.190148985232139,0.126219547230916,0.126219547230916
cuGS1365,195,1,195,-0.15398580669079,0.177910853842958,0.224826886103157,0.0708410794123675,0.0708410794123675
cuGS1366,196,1,196,-0.091138697120674,0.167914485158525,0.219981814059629,0.128843116938955,0.128843116938955
cuGS1367,197,1,197,-0.337210950400071,0.185699299715801,0.219433295971494,-0.117777654428577,-0.117777654428577
cuGS1368,198,1,198,-0.286340449553468,0.164468441612525,-0.00382074689819936,-0.290161196451668,-0.290161196451668
cuGS1369,199,1,199,-0.242781119566456,0.18840727802078,0.01063754808354,-0.232143571482916,-0.232143571482916
cuGS1370,200,1,200,-0.451880600917063,0.162725969366585,0.21877762831296,-0.233102972604103,-0.233102972604103
cuGS138,201,1,201,-0.047694105468235,0.121161786260322,0.14655226544952,0.0988581599812848,0.0988581599812848
cuGS146,202,1,202,-0.105147835381844,0.135933990206674,0.237963717245744,0.1328158818639,0.1328158818639
cuGS150,203,1,203,0.630797650524722,0.104973310461258,0.0155249581154632,0.646322608640186,0.646322608640186
cuGS159,204,1,204,-0.291500952910172,0.128245648881057,0.115529428567362,-0.17597152434281,-0.17597152434281
cuGS167,205,1,205,-0.193738970193926,0.131463690833983,0.268308536055895,0.0745695658619686,0.0745695658619686
cuGS174,206,1,206,0.331714684613835,0.099424666188369,0.0540419139101316,0.385756598523966,0.385756598523966
cuGS201,207,1,207,-0.3333882800696,0.131436163481205,0.167009266598716,-0.166379013470885,-0.166379013470885
cuGS218,208,1,208,0.203313385493309,0.130529281671932,-0.0658071802201464,0.137506205273163,0.137506205273163
cuGS249,209,1,209,0.0298295390946961,0.162712323474966,0.354599116040875,0.384428655135571,0.384428655135571
cuGS252,210,1,210,0.26801779408927,0.199928578829194,0.0456498953498826,0.313667689439153,0.313667689439153
cuGS262,211,1,211,-0.284175593658646,0.0939976392392799,0.0560054996208994,-0.228170094037746,-0.228170094037746
cuGS263,212,1,212,0.469930681057745,0.112291190850429,0.279793301482924,0.749723982540669,0.749723982540669
cuGS264,213,1,213,-0.359890280909772,0.144637459359999,0.165606240613293,-0.194284040296479,-0.194284040296479
cuGS268,214,1,214,0.813814970614044,0.117476324075217,0.218733273536399,1.03254824415044,1.03254824415044
cuGS270,215,1,215,-0.189998470629061,0.161900503789546,0.247959271850351,0.0579608012212906,0.0579608012212906
cuGS272,216,1,216,-0.16302952102006,0.154919976885386,-0.0863324130246788,-0.249361934044739,-0.249361934044739
cuGS273,217,1,217,-0.0423428796211456,0.13531652411857,0.0828165675976398,0.0404736879764942,0.0404736879764942
cuGS274,218,1,218,0.157917482978996,0.13800057234263,0.0923622355531994,0.250279718532195,0.250279718532195
cuGS275,219,1,219,-0.543933601247268,0.161217582023489,0.284244831974673,-0.259688769272595,-0.259688769272595
cuGS276,220,1,220,0.132907094384416,0.145263589149859,0.282366465648918,0.415273560033334,0.415273560033334
cuGS278,221,1,221,-0.622081530417844,0.132693366998792,0.276335238020653,-0.345746292397191,-0.345746292397191
cuGS279,222,1,222,-0.327659462092889,0.149130952150642,0.27785121217273,-0.0498082499201591,-0.0498082499201591
cuGS280,223,1,223,-0.59078717169945,0.131772217583522,0.284121429870329,-0.306665741829121,-0.306665741829121
cuGS281,224,1,224,-0.657945895736817,0.151449595787159,0.284933039466828,-0.373012856269989,-0.373012856269989
cuGS282,225,1,225,-0.415691332900175,0.12837832894382,0.309604502551927,-0.106086830348247,-0.106086830348247
cuGS283,226,1,226,-0.410307007082966,0.139472546147182,0.297175907636797,-0.113131099446169,-0.113131099446169
cuGS284,227,1,227,-0.212810517882737,0.145946659353055,0.312440966013485,0.0996304481307477,0.0996304481307477
cuGS285,228,1,228,-0.227485282073105,0.154392141798463,0.277105626732825,0.0496203446597193,0.0496203446597193
cuGS287,229,1,229,-0.603338613114806,0.218802159860916,0.229006992706505,-0.374331620408301,-0.374331620408301
cuGS288,230,1,230,-0.191863404169094,0.232138183822211,0.216368697564357,0.0245052933952631,0.0245052933952631
cuGS289,231,1,231,-0.349648046767798,0.173502936552686,0.358731098045962,0.00908305127816356,0.00908305127816356
cuGS290,232,1,232,-0.103999246260253,0.128338720752835,0.322406688512744,0.218407442252492,0.218407442252492
cuGS292,233,1,233,0.510581274942797,0.108204631389488,0.244077204950083,0.75465847989288,0.75465847989288
cuGS31,234,1,234,0.582641283390998,0.111669559578447,0.0684536399409822,0.65109492333198,0.65109492333198
cuGS318,235,1,235,-0.0276436244804512,0.144611651930911,0.182849522199567,0.155205897719116,0.155205897719116
cuGS32,236,1,236,0.212788328603916,0.14408524959883,0.212754554419717,0.425542883023634,0.425542883023634
cuGS33,237,1,237,0.116625080470018,0.119248619852351,0.256554166644038,0.373179247114056,0.373179247114056
cuGS34,238,1,238,0.123523533628408,0.0606925781571718,0.181545125457258,0.305068659085666,0.305068659085666
cuGS35,239,1,239,0.371790738303261,0.171388238513071,0.266136855444134,0.637927593747395,0.637927593747395
cuGS36,240,1,240,-0.168536376503448,0.11681218784564,0.145291781601913,-0.023244594901535,-0.023244594901535
cuGS37,241,1,241,-0.774369124705585,0.0940230030551259,0.302603141850174,-0.471765982855411,-0.471765982855411
cuGS38,242,1,242,0.431917151925033,0.136624902469903,0.170706813384676,0.602623965309709,0.602623965309709
cuGS380,243,1,243,-0.114774950494421,0.122176316119575,-0.110445356813347,-0.225220307307768,-0.225220307307768
cuGS381,244,1,244,-0.151468617401636,0.12397314015502,-0.20061114963679,-0.352079767038426,-0.352079767038426
cuGS383,245,1,245,-0.0316626506538675,0.103775977413385,-0.266301393969257,-0.297964044623124,-0.297964044623124
cuGS393,246,1,246,0.292272726318989,0.165382500782037,0.244088213039054,0.536360939358043,0.536360939358043
cuGS394,247,1,247,0.393944556805677,0.175493601861831,0.23988343230109,0.633827989106767,0.633827989106767
cuGS405,248,1,248,0.036651961001192,0.0645716326959754,0.170078120273859,0.206730081275051,0.206730081275051
cuGS41,249,1,249,0.0125873289360564,0.128767811757631,0.146496906065705,0.159084235001761,0.159084235001761
cuGS410,250,1,250,-0.238256584351763,0.11290924992063,0.11832805498026,-0.119928529371503,-0.119928529371503
cuGS412,251,1,251,-0.0882907329838258,0.0832316669919206,0.158703737965125,0.0704130049812994,0.0704130049812994
cuGS413,252,1,252,0.147141933052365,0.0819774440114737,0.185337020217093,0.332478953269458,0.332478953269458
cuGS419,253,1,253,-0.0265706236840412,0.135571732722865,0.229968192101821,0.20339756841778,0.20339756841778
cuGS420,254,1,254,-0.577179048431329,0.17926827693306,0.328960583044782,-0.248218465386547,-0.248218465386547
cuGS421,255,1,255,0.0373547816605335,0.174529778221485,0.26174335338023,0.299098135040763,0.299098135040763
cuGS422,256,1,256,0.344795313219428,0.291416743393278,0.389169619746486,0.733964932965915,0.733964932965915
cuGS423,257,1,257,-0.362543234507571,0.166029464822749,0.262826840842347,-0.0997163936652235,-0.0997163936652235
cuGS424,258,1,258,0.062949546638289,0.142338451054797,0.29571956319423,0.358669109832519,0.358669109832519
cuGS425,259,1,259,0.0534270695188092,0.152524462521052,0.17521975895562,0.22864682847443,0.22864682847443
cuGS426,260,1,260,0.251546664344073,0.157042230166821,0.195507826210146,0.447054490554219,0.447054490554219
cuGS427,261,1,261,-0.351619548377438,0.141388697899384,0.180634329328152,-0.170985219049285,-0.170985219049285
cuGS428,262,1,262,0.183153524405972,0.143786863907955,0.0654943841740147,0.248647908579987,0.248647908579987
cuGS429,263,1,263,-0.399025424065309,0.103102890783178,0.172707881422014,-0.226317542643295,-0.226317542643295
cuGS46,264,1,264,-0.0445145257897533,0.123569488037487,0.224757191967919,0.180242666178166,0.180242666178166
cuGS47,265,1,265,-0.150263756708089,0.117754638304678,0.0815278353951819,-0.0687359213129074,-0.0687359213129074
cuGS472,266,1,266,-0.204640641329092,0.308887197684386,0.585316874386874,0.380676233057782,0.380676233057782
cuGS489,267,1,267,0.102829719604915,0.131605324841348,0.120781773836043,0.223611493440958,0.223611493440958
cuGS490,268,1,268,-0.419705454451783,0.166066604757027,0.268500110877676,-0.151205343574107,-0.151205343574107
cuGS491,269,1,269,0.282500697007667,0.130344815383151,0.253124732573916,0.535625429581583,0.535625429581583
cuGS492,270,1,270,-0.606415179697282,0.239833604193093,0.484747189129071,-0.121667990568211,-0.121667990568211
cuGS493,271,1,271,0.265731609409929,0.168092873515166,0.306682956848627,0.572414566258556,0.572414566258556
cuGS494,272,1,272,0.0225666292009973,0.150710226616116,0.334443281419714,0.357009910620712,0.357009910620712
cuGS495,273,1,273,0.0459125345516072,0.127782906530411,0.282993002390046,0.328905536941653,0.328905536941653
cuGS496,274,1,274,-0.123394088917779,0.116767319911452,0.212960485230913,0.0895663963131334,0.0895663963131334
cuGS497,275,1,275,-0.208618796060918,0.152396807126741,0.376936067166135,0.168317271105217,0.168317271105217
cuGS498,276,1,276,-0.0473730149493764,0.117137594739825,-0.298553626137821,-0.345926641087198,-0.345926641087198
cuGS499,277,1,277,0.136910542098029,0.182496699382363,0.246579523271775,0.383490065369804,0.383490065369804
cuGS500,278,1,278,-0.0781606528877923,0.220207788860115,0.316252510618924,0.238091857731132,0.238091857731132
cuGS501,279,1,279,0.190080812902602,0.161082903937183,0.258263519630585,0.448344332533187,0.448344332533187
cuGS502,280,1,280,0.447023098234641,0.131551970678761,0.292891167573774,0.739914265808415,0.739914265808415
cuGS503,281,1,281,0.0373082110918405,0.134534576426934,0.296986745339984,0.334294956431825,0.334294956431825
cuGS504,282,1,282,0.299824271702281,0.126760319531672,0.131700410470159,0.43152468217244,0.43152468217244
cuGS505,283,1,283,-0.0262137223634745,0.178186214124522,0.243273784897407,0.217060062533932,0.217060062533932
cuGS506,284,1,284,-0.212875662622761,0.14154902513526,-0.382782082728713,-0.595657745351474,-0.595657745351474
cuGS507,285,1,285,0.234571475170624,0.158855111282675,0.350795795414426,0.585367270585049,0.585367270585049
cuGS508,286,1,286,0.801640827476482,0.166368007212593,0.287166280648951,1.08880710812543,1.08880710812543
cuGS509,287,1,287,0.202894199243218,0.162168524279905,0.306318279400995,0.509212478644213,0.509212478644213
cuGS51,288,1,288,-0.36173325698535,0.145403986703911,0.276498148182125,-0.0852351088032242,-0.0852351088032242
cuGS510,289,1,289,0.345765473342636,0.160228764238294,0.253958927415903,0.599724400758539,0.599724400758539
cuGS511,290,1,290,0.263357852531628,0.135319530013331,0.26196810994719,0.525325962478818,0.525325962478818
cuGS512,291,1,291,-0.287891857822127,0.143156067873779,0.254040726993117,-0.0338511308290093,-0.0338511308290093
cuGS513,292,1,292,-0.161662492460961,0.169965098806456,0.269254696674946,0.107592204213985,0.107592204213985
cuGS514,293,1,293,-0.142010066884039,0.108065657851859,-0.0398199707370558,-0.181830037621095,-0.181830037621095
cuGS515,294,1,294,-0.298168228638701,0.225928263327777,0.355010397068338,0.0568421684296374,0.0568421684296374
cuGS516,295,1,295,-0.274715561445825,0.178160680889088,0.272881701572875,-0.00183385987295048,-0.00183385987295048
cuGS517,296,1,296,0.355787159695634,0.118353291772132,0.0521604237937872,0.407947583489421,0.407947583489421
cuGS518,297,1,297,-0.226892793263965,0.122124254660138,0.223892587459105,-0.0030002058048598,-0.0030002058048598
cuGS519,298,1,298,0.379118238826775,0.227875354767539,-0.729812297197628,-0.350694058370853,-0.350694058370853
cuGS520,299,1,299,0.48712742749729,0.147217804252032,-0.252635895313027,0.234491532184262,0.234491532184262
cuGS521,300,1,300,0.432874745592158,0.126837195589405,0.240567679064528,0.673442424656687,0.673442424656687
cuGS522,301,1,301,0.280152950666661,0.175879264618829,0.294191723236364,0.574344673903025,0.574344673903025
cuGS523,302,1,302,0.0610457562289502,0.18541403880503,0.230988395845654,0.292034152074604,0.292034152074604
cuGS524,303,1,303,-0.0653692463570709,0.169937210845184,0.250988821624058,0.185619575266987,0.185619575266987
cuGS525,304,1,304,-0.00619992954641922,0.128252818223317,0.0060132062660109,-0.000186723280408314,-0.000186723280408314
cuGS526,305,1,305,0.404987973644869,0.124261803146247,0.240294873293296,0.645282846938164,0.645282846938164
cuGS527,306,1,306,0.360420041506348,0.116208763061406,-0.188632588075962,0.171787453430385,0.171787453430385
cuGS528,307,1,307,0.353705755966233,0.180997053206697,0.266205986410615,0.619911742376848,0.619911742376848
cuGS529,308,1,308,-0.167035274769486,0.177161031641647,0.269435679753362,0.102400404983876,0.102400404983876
cuGS530,309,1,309,-0.4923117796625,0.213133381195514,0.364518540119396,-0.127793239543104,-0.127793239543104
cuGS531,310,1,310,0.141613455949449,0.123570736508159,0.273394284620296,0.415007740569744,0.415007740569744
cuGS532,311,1,311,-0.0251526943538353,0.177155215307473,-0.45175314035276,-0.476905834706596,-0.476905834706596
cuGS533,312,1,312,0.234083821841578,0.128897492055653,0.221959618162228,0.456043440003806,0.456043440003806
cuGS534,313,1,313,0.227322806538407,0.108200401561828,0.226627304857409,0.453950111395816,0.453950111395816
cuGS535,314,1,314,0.428091971689721,0.226358729638009,0.35088085077896,0.778972822468681,0.778972822468681
cuGS536,315,1,315,-0.148875650447344,0.172601291970329,0.373176005093571,0.224300354646226,0.224300354646226
cuGS537,316,1,316,-0.0684203647575623,0.177173251943919,0.275406397908083,0.20698603315052,0.20698603315052
cuGS538,317,1,317,-0.0707489940572564,0.17358301400179,0.244206927873611,0.173457933816354,0.173457933816354
cuGS539,318,1,318,0.00234014548652877,0.1543834361704,0.206445566331955,0.208785711818484,0.208785711818484
cuGS54,319,1,319,-0.435856700738115,0.140633814381926,0.265650195757197,-0.170206504980918,-0.170206504980918
cuGS540,320,1,320,0.0184813928210268,0.160761699777858,0.338901181574333,0.35738257439536,0.35738257439536
cuGS541,321,1,321,0.0234662884993972,0.18319628974031,0.341729654434871,0.365195942934269,0.365195942934269
cuGS542,322,1,322,-0.50445882076076,0.131844418781197,0.143579660402552,-0.360879160358209,-0.360879160358209
cuGS543,323,1,323,-0.183512397758187,0.144171055060291,0.225620628770447,0.0421082310122606,0.0421082310122606
cuGS544,324,1,324,-0.383712765380736,0.170354403494185,0.268264809110874,-0.115447956269862,-0.115447956269862
cuGS545,325,1,325,0.24636750245835,0.104046475077315,0.145390325471472,0.391757827929822,0.391757827929822
cuGS546,326,1,326,0.174163572419956,0.190544324756437,0.326356836594172,0.500520409014129,0.500520409014129
cuGS547,327,1,327,-1.09797095085802,0.146432394906934,0.301064649471692,-0.796906301386326,-0.796906301386326
cuGS548,328,1,328,0.273919670735239,0.122955667341245,0.12788562040421,0.401805291139449,0.401805291139449
cuGS549,329,1,329,-0.131788611428772,0.113249000865488,0.126946713537977,-0.00484189789079584,-0.00484189789079584
cuGS550,330,1,330,0.216331586385785,0.194183205018695,0.379061239403557,0.595392825789342,0.595392825789342
cuGS551,331,1,331,-0.37076588598232,0.169117757951551,0.380005049431311,0.00923916344899156,0.00923916344899156
cuGS552,332,1,332,0.238727479962759,0.120392903104332,0.162813557719181,0.40154103768194,0.40154103768194
cuGS553,333,1,333,0.0588340178802741,0.117932913445225,0.205446781614721,0.264280799494995,0.264280799494995
cuGS554,334,1,334,0.0705387379030941,0.154982157965667,0.264855449542278,0.335394187445373,0.335394187445373
cuGS555,335,1,335,0.3682941111116,0.152529150833475,0.163711215652296,0.532005326763896,0.532005326763896
cuGS556,336,1,336,-0.326515688340995,0.133413774743123,0.277002449520738,-0.0495132388202571,-0.0495132388202571
cuGS557,337,1,337,-0.160299828235368,0.133001170929957,-0.0227985203784888,-0.183098348613856,-0.183098348613856
cuGS558,338,1,338,0.104718310658448,0.105758473259362,0.19376816635025,0.298486477008698,0.298486477008698
cuGS559,339,1,339,-0.147634118518608,0.176984042730125,0.368444692696045,0.220810574177437,0.220810574177437
cuGS560,340,1,340,-0.629061938291734,0.22099303581032,0.338581027045604,-0.290480911246129,-0.290480911246129
cuGS561,341,1,341,-0.0349505821768201,0.123467334916128,0.183066858137878,0.148116275961058,0.148116275961058
cuGS562,342,1,342,0.272552833336611,0.156325689001573,0.259795441052091,0.532348274388702,0.532348274388702
cuGS563,343,1,343,0.0964707574012629,0.120953906096223,0.185850300362585,0.282321057763848,0.282321057763848
cuGS564,344,1,344,-0.0537604831300413,0.153474978964742,0.356940365643398,0.303179882513357,0.303179882513357
cuGS565,345,1,345,0.326010974296319,0.178502861257809,0.37714086749413,0.703151841790449,0.703151841790449
cuGS566,346,1,346,-0.828876798997051,0.148760451648643,0.300138023289016,-0.528738775708035,-0.528738775708035
cuGS567,347,1,347,0.388104147984483,0.153085249723625,0.158484655673596,0.546588803658079,0.546588803658079
cuGS568,348,1,348,-0.0649467426670547,0.141560530842416,0.243237254835971,0.178290512168916,0.178290512168916
cuGS569,349,1,349,-0.0612129596008688,0.187406261898261,0.39286720107941,0.331654241478541,0.331654241478541
cuGS57,350,1,350,0.230420665282623,0.149587648296093,0.191745060983111,0.422165726265733,0.422165726265733
cuGS570,351,1,351,0.101940980274559,0.173089080666727,0.249504132836497,0.351445113111056,0.351445113111056
cuGS571,352,1,352,-0.748047736415356,0.192888325590421,0.410792004230239,-0.337255732185117,-0.337255732185117
cuGS572,353,1,353,-0.0805952990780482,0.193174505444535,-0.680454361584839,-0.761049660662887,-0.761049660662887
cuGS573,354,1,354,0.429897857263878,0.156228463326068,0.295037959982151,0.724935817246029,0.724935817246029
cuGS574,355,1,355,0.209566808140428,0.154482507889454,0.185518395334306,0.395085203474734,0.395085203474734
cuGS575,356,1,356,0.221046698365011,0.159774840182087,0.301908962040983,0.522955660405994,0.522955660405994
cuGS576,357,1,357,0.278269386923715,0.132372073598943,0.0825171627028176,0.360786549626532,0.360786549626532
cuGS577,358,1,358,-0.245911294997118,0.168540228740766,0.364768917947949,0.118857622950831,0.118857622950831
cuGS578,359,1,359,0.0728074250347352,0.146378338628207,0.278411678378245,0.351219103412981,0.351219103412981
cuGS579,360,1,360,0.508963747200142,0.115459012500944,0.0700316798080637,0.578995427008206,0.578995427008206
cuGS580,361,1,361,0.260245630130392,0.151047159949043,0.273000707473607,0.533246337603999,0.533246337603999
cuGS581,362,1,362,-0.678407294482574,0.162848736928779,0.364386014259088,-0.314021280223486,-0.314021280223486
cuGS582,363,1,363,0.114127544974253,0.180501609530249,0.279070349915281,0.393197894889534,0.393197894889534
cuGS584,364,1,364,0.176431289616436,0.169409394826108,0.164998359683091,0.341429649299526,0.341429649299526
cuGS585,365,1,365,0.385790192199439,0.176905478063003,0.261531101261392,0.647321293460831,0.647321293460831
cuGS586,366,1,366,-0.228064426898578,0.133418414959,-0.373261851822848,-0.601326278721426,-0.601326278721426
cuGS587,367,1,367,0.30234155970051,0.106932115516903,0.119301194087262,0.421642753787772,0.421642753787772
cuGS588,368,1,368,0.459639938686902,0.17429797495244,0.141527642507292,0.601167581194193,0.601167581194193
cuGS589,369,1,369,0.274300452701507,0.108564884173639,-0.167287374267973,0.107013078433534,0.107013078433534
cuGS59,370,1,370,-0.126381112944815,0.129753727941692,0.263639265030521,0.137258152085706,0.137258152085706
cuGS590,371,1,371,0.00835182513944614,0.175834782383858,0.34850760844379,0.356859433583237,0.356859433583237
cuGS591,372,1,372,-0.372287110343408,0.103242666213328,0.178492687617872,-0.193794422725536,-0.193794422725536
cuGS592,373,1,373,0.414580366063977,0.101541644611539,0.123297115661322,0.537877481725299,0.537877481725299
cuGS593,374,1,374,0.688058447946573,0.108526817295004,-0.111017629456876,0.577040818489697,0.577040818489697
cuGS594,375,1,375,0.430880274212553,0.170345548636626,-0.382305546290363,0.0485747279221903,0.0485747279221903
cuGS595,376,1,376,0.0068603481582533,0.173781537692995,-0.47641861116128,-0.469558263003027,-0.469558263003027
cuGS596,377,1,377,-1.2376251058444,0.312793991549328,0.494789763187991,-0.742835342656407,-0.742835342656407
cuGS597,378,1,378,-0.705323115768004,0.113163723865079,-0.195304188703837,-0.90062730447184,-0.90062730447184
cuGS598,379,1,379,0.0978190981074265,0.166302349898173,0.145107266478351,0.242926364585777,0.242926364585777
cuGS599,380,1,380,-0.372341991582515,0.154651587823743,0.269463277718936,-0.102878713863579,-0.102878713863579
cuGS60,381,1,381,-0.427057181228744,0.127207705032496,0.274994688205789,-0.152062493022955,-0.152062493022955
cuGS600,382,1,382,-0.847629835093315,0.144668192955912,0.259004236467481,-0.588625598625834,-0.588625598625834
cuGS601,383,1,383,-0.0533138161710644,0.159286379026634,0.245183973563485,0.191870157392421,0.191870157392421
cuGS604,384,1,384,0.152981191932749,0.108728710736388,0.241705512162564,0.394686704095313,0.394686704095313
cuGS605,385,1,385,0.0741866407264973,0.271235637859299,0.30093134494498,0.375117985671477,0.375117985671477
cuGS607,386,1,386,0.284276420452085,0.112644603899481,0.222181264864632,0.506457685316717,0.506457685316717
cuGS608,387,1,387,-0.559510301881199,0.124743646472601,0.248936819168903,-0.310573482712297,-0.310573482712297
cuGS609,388,1,388,-0.0747497247705426,0.155537645818438,0.289589673067481,0.214839948296938,0.214839948296938
cuGS61,389,1,389,-0.479555009679303,0.138066885449066,0.294597948100161,-0.184957061579142,-0.184957061579142
cuGS610,390,1,390,-0.279947206645752,0.123235709482346,0.316715709066844,0.0367685024210915,0.0367685024210915
cuGS611,391,1,391,0.585577472927163,0.139882637039526,0.262107850424138,0.847685323351301,0.847685323351301
cuGS612,392,1,392,0.0731473949031912,0.270301383434609,0.313954928419222,0.387102323322413,0.387102323322413
cuGS613,393,1,393,0.306038632216466,0.367285407740474,0.605978578760699,0.912017210977165,0.912017210977165
cuGS614,394,1,394,0.0636700782819365,0.074239626982754,0.165536542786632,0.229206621068569,0.229206621068569
cuGS615,395,1,395,0.276501123953391,0.158274748443089,0.143968227599327,0.420469351552718,0.420469351552718
cuGS64,396,1,396,-0.0359251362930966,0.148627507483704,0.240564366214889,0.204639229921792,0.204639229921792
cuGS641,397,1,397,0.318550982180887,0.186517477553868,0.212246006719455,0.530796988900342,0.530796988900342
cuGS642,398,1,398,0.332252542626849,0.175158626459248,0.254796169383856,0.587048712010706,0.587048712010706
cuGS643,399,1,399,0.518917703711682,0.172237440711441,0.26939268960395,0.788310393315632,0.788310393315632
cuGS644,400,1,400,0.296351524562477,0.13365438009848,0.257290529866545,0.553642054429023,0.553642054429023
cuGS645,401,1,401,0.325345153679649,0.176596677972134,0.257593751636092,0.582938905315741,0.582938905315741
cuGS646,402,1,402,0.274686556481349,0.176881277838796,0.270758219997419,0.545444776478768,0.545444776478768
cuGS647,403,1,403,0.237084964147827,0.166866272281761,0.126718888912597,0.363803853060424,0.363803853060424
cuGS648,404,1,404,0.0305982910643752,0.126614058357728,0.216586943444453,0.247185234508828,0.247185234508828
cuGS649,405,1,405,0.0385443799943855,0.104540699624625,-0.273813440658891,-0.235269060664505,-0.235269060664505
cuGS650,406,1,406,0.141919228637788,0.204857046342501,0.277550780639537,0.419470009277324,0.419470009277324
cuGS651,407,1,407,0.367943375381559,0.124927259639348,0.224163262281144,0.592106637662703,0.592106637662703
cuGS652,408,1,408,0.282979739763617,0.162918878235976,0.23766590730307,0.520645647066687,0.520645647066687
cuGS653,409,1,409,0.469667625547115,0.162736010665238,0.132765978593644,0.60243360414076,0.60243360414076
cuGS654,410,1,410,0.256826241396072,0.176521442570603,0.242611564735956,0.499437806132028,0.499437806132028
cuGS655,411,1,411,0.413074107733011,0.170096882906358,0.137110480258321,0.550184587991332,0.550184587991332
cuGS656,412,1,412,0.133412926804016,0.228330576205281,-0.676731318621388,-0.543318391817372,-0.543318391817372
cuGS657,413,1,413,0.0647826441183446,0.0713688657599507,0.124685921675357,0.189468565793701,0.189468565793701
cuGS658,414,1,414,0.392410250462505,0.166818999096464,0.112576731278089,0.504986981740594,0.504986981740594
cuGS659,415,1,415,-0.19874969288781,0.176217184764156,-0.449266484131255,-0.648016177019065,-0.648016177019065
cuGS661,416,1,416,-0.82946129704769,0.222960683085546,0.426635475732716,-0.402825821314974,-0.402825821314974
cuGS663,417,1,417,-0.261538640145018,0.125068899401998,-0.146460527946364,-0.407999168091382,-0.407999168091382
cuGS664,418,1,418,-0.617780525401852,0.120702672417944,0.127361160292285,-0.490419365109568,-0.490419365109568
cuGS665,419,1,419,-0.622019457785929,0.119199380879308,0.00206341367868672,-0.619956044107243,-0.619956044107243
cuGS666,420,1,420,-0.456699209163076,0.177579293665846,0.0568522481335387,-0.399846961029537,-0.399846961029537
cuGS668,421,1,421,-0.15376148407584,0.183905396021337,0.0340793222031662,-0.119682161872674,-0.119682161872674
cuGS669,422,1,422,-0.514580428927562,0.129177822330604,0.26684821538788,-0.247732213539682,-0.247732213539682
cuGS67,423,1,423,-0.591675360427948,0.132806448365908,0.203129881913939,-0.388545478514009,-0.388545478514009
cuGS670,424,1,424,-0.271413184816834,0.132487309066506,-0.217104522536325,-0.488517707353159,-0.488517707353159
cuGS671,425,1,425,0.142480055725457,0.153726700206056,-0.426938297844156,-0.284458242118699,-0.284458242118699
cuGS672,426,1,426,-0.189002542583119,0.17442954243506,-0.495455426404151,-0.684457968987271,-0.684457968987271
cuGS673,427,1,427,-0.660230701728015,0.111954361266443,-0.190470664205759,-0.850701365933774,-0.850701365933774
cuGS675,428,1,428,-0.109527950217506,0.143243298942546,0.116262683332764,0.00673473311525773,0.00673473311525773
cuGS676,429,1,429,-0.0526246635986475,0.14119242866592,0.131761352321606,0.0791366887229583,0.0791366887229583
cuGS680,430,1,430,-0.305881006538804,0.153295484470364,-0.396423295136724,-0.702304301675528,-0.702304301675528
cuGS681,431,1,431,0.969175606818797,0.176791722812813,-0.466508666000804,0.502666940817993,0.502666940817993
cuGS682,432,1,432,0.0227319757776916,0.141111815341948,-0.187678159321505,-0.164946183543814,-0.164946183543814
cuGS683,433,1,433,0.650460799430957,0.195685607741999,-0.600199095732696,0.050261703698261,0.050261703698261
cuGS684,434,1,434,0.181271042869777,0.185009643723773,-0.559633143123572,-0.378362100253795,-0.378362100253795
cuGS685,435,1,435,0.281708662608182,0.151622190120802,-0.43425545683519,-0.152546794227008,-0.152546794227008
cuGS686,436,1,436,0.293098739615837,0.183886069294152,-0.544460670526213,-0.251361930910375,-0.251361930910375
cuGS687,437,1,437,-0.0621883610952774,0.140722049140247,-0.215243918501556,-0.277432279596833,-0.277432279596833
cuGS688,438,1,438,-0.0936508388206971,0.184926019701962,-0.499446068174327,-0.593096906995024,-0.593096906995024
cuGS689,439,1,439,0.0995520365209447,0.173364093615949,-0.446267606669515,-0.34671557014857,-0.34671557014857
cuGS69,440,1,440,-0.198558873226068,0.153708183932645,0.27026709440487,0.0717082211788016,0.0717082211788016
cuGS690,441,1,441,0.33052107004798,0.161429373100409,-0.442693472141706,-0.112172402093727,-0.112172402093727
cuGS691,442,1,442,0.56516717778881,0.134235961909757,-0.104977420722158,0.460189757066652,0.460189757066652
cuGS692,443,1,443,0.30922667179699,0.178476494324547,-0.508239480122076,-0.199012808325086,-0.199012808325086
cuGS693,444,1,444,-0.327952375128519,0.127650088316664,-0.118414990962464,-0.446367366090983,-0.446367366090983
cuGS694,445,1,445,0.0837934511691535,0.174375926409505,-0.405178085591854,-0.3213846344227,-0.3213846344227
cuGS695,446,1,446,0.09896502770108,0.188632824391591,-0.549505022526384,-0.450539994825304,-0.450539994825304
cuGS696,447,1,447,-0.167741677989683,0.185066220487627,-0.51816024872311,-0.685901926712793,-0.685901926712793
cuGS697,448,1,448,-0.471031927258932,0.110862866728708,-0.211466451466904,-0.682498378725836,-0.682498378725836
cuGS698,449,1,449,-0.307770614980816,0.157818365824424,-0.417551275907263,-0.725321890888079,-0.725321890888079
cuGS699,450,1,450,0.667199050495633,0.128266349751428,-0.180568936523803,0.48663011397183,0.48663011397183
cuGS700,451,1,451,-0.0346584171695423,0.102931767812429,0.0383926281175779,0.00373421094803553,0.00373421094803553
cuGS702,452,1,452,0.345964483951074,0.128280355722722,-0.261500264340255,0.0844642196108192,0.0844642196108192
cuGS703,453,1,453,-0.234276952860811,0.111879090197756,-0.0938099147554101,-0.328086867616221,-0.328086867616221
cuGS704,454,1,454,-0.106076744554811,0.117887809543748,-0.222897170335592,-0.328973914890403,-0.328973914890403
cuGS705,455,1,455,0.0832047255404904,0.112912060865527,-0.0890880308213375,-0.00588330528084713,-0.00588330528084713
cuGS706,456,1,456,-0.2557413838448,0.109847982731886,-0.16069992024777,-0.41644130409257,-0.41644130409257
cuGS707,457,1,457,0.00879375868898775,0.121617721158275,-0.132378388347994,-0.123584629659006,-0.123584629659006
cuGS708,458,1,458,0.263401762646121,0.132262626497923,-0.245825355040786,0.0175764076053353,0.0175764076053353
cuGS709,459,1,459,-0.116664290356535,0.161148873635204,-0.463866504674194,-0.580530795030728,-0.580530795030728
cuGS71,460,1,460,-0.496420369369418,0.139540807075599,0.255048491195507,-0.241371878173911,-0.241371878173911
cuGS710,461,1,461,0.275280248365756,0.123942020660124,-0.119401063148962,0.155879185216794,0.155879185216794
cuGS711,462,1,462,-0.00486301734645939,0.123785768620991,-0.309518926461929,-0.314381943808388,-0.314381943808388
cuGS712,463,1,463,0.656659592758587,0.126707391712546,-0.243375066649102,0.413284526109486,0.413284526109486
cuGS713,464,1,464,-0.115649222986979,0.123081164609351,-0.231142102272013,-0.346791325258993,-0.346791325258993
cuGS714,465,1,465,-0.344810271753985,0.20978479323138,0.436649314254377,0.0918390425003926,0.0918390425003926
cuGS715,466,1,466,-0.0483667946622997,0.141638058993023,-0.243949495433111,-0.29231629009541,-0.29231629009541
cuGS716,467,1,467,-0.0555206957325758,0.121887249572729,0.284826989535691,0.229306293803115,0.229306293803115
cuGS717,468,1,468,0.31849898548726,0.175514886574946,0.209613413407627,0.528112398894887,0.528112398894887
cuGS718,469,1,469,0.055142088952176,0.11983131972967,0.259544344592672,0.314686433544848,0.314686433544848
cuGS719,470,1,470,0.0539006262373102,0.109760807449189,0.24449169886372,0.298392325101031,0.298392325101031
cuGS721,471,1,471,-0.282313959200984,0.235164700959932,-0.772693674418118,-1.0550076336191,-1.0550076336191
cuGS722,472,1,472,-0.0949594977294953,0.239816144993662,-0.784424597411115,-0.87938409514061,-0.87938409514061
cuGS727,473,1,473,0.134414832633813,0.22311082766531,-0.747016574238552,-0.612601741604739,-0.612601741604739
cuGS734,474,1,474,0.0977923082436193,0.211156710949363,-0.718203733986793,-0.620411425743174,-0.620411425743174
cuGS737,475,1,475,-0.285600772076483,0.233798269037714,-0.770813339241128,-1.05641411131761,-1.05641411131761
cuGS739,476,1,476,-0.241603396757826,0.216145360484367,-0.728541336774468,-0.970144733532294,-0.970144733532294
cuGS74,477,1,477,-0.669393297295148,0.136249005011101,0.240461896273548,-0.4289314010216,-0.4289314010216
cuGS743,478,1,478,-0.120634348143308,0.110690499399326,-0.322488954717018,-0.443123302860326,-0.443123302860326
cuGS744,479,1,479,-0.383006978548904,0.119242908080338,-0.309266306700408,-0.692273285249312,-0.692273285249312
cuGS745,480,1,480,-0.314868058802238,0.111104071021863,0.0234400766624686,-0.291427982139769,-0.291427982139769
cuGS746,481,1,481,0.0444114374371449,0.152626149550977,-0.489770698291638,-0.445359260854494,-0.445359260854494
cuGS747,482,1,482,-0.428947658853638,0.133323560188464,-0.434944586473742,-0.86389224532738,-0.86389224532738
cuGS748,483,1,483,-0.293846580945859,0.147565930313519,-0.495149212706872,-0.788995793652731,-0.788995793652731
cuGS749,484,1,484,-0.190944141249976,0.123855218602082,-0.374701299305134,-0.56564544055511,-0.56564544055511
cuGS750,485,1,485,0.0401576740807991,0.217361936573918,-0.741249920091313,-0.701092246010514,-0.701092246010514
cuGS751,486,1,486,0.0996944635078445,0.225926299693325,-0.756475300942746,-0.656780837434901,-0.656780837434901
cuGS752,487,1,487,0.109401263496003,0.221461687600162,-0.751003074246699,-0.641601810750696,-0.641601810750696
cuGS753,488,1,488,-0.102845434553756,0.210956845897772,-0.724228918851617,-0.827074353405372,-0.827074353405372
cuGS754,489,1,489,0.0357851772267893,0.219472314014782,-0.745127612120564,-0.709342434893775,-0.709342434893775
cuGS755,490,1,490,0.0305175274150452,0.146606695307685,-0.531297208225672,-0.500779680810626,-0.500779680810626
cuGS756,491,1,491,0.0121374687462884,0.220413269196618,-0.752891083180167,-0.740753614433878,-0.740753614433878
cuGS757,492,1,492,0.147082385876088,0.22618434580128,-0.74916390346918,-0.602081517593092,-0.602081517593092
cuGS758,493,1,493,-0.0586762420926434,0.227650723976038,-0.755108804292914,-0.813785046385557,-0.813785046385557
cuGS759,494,1,494,-0.20021880556097,0.224418095088831,-0.722956136802533,-0.923174942363503,-0.923174942363503
cuGS76,495,1,495,-0.432497949871901,0.112045811806622,0.224457595031468,-0.208040354840433,-0.208040354840433
cuGS760,496,1,496,-0.251264409458374,0.220751367676879,-0.724156456022552,-0.975420865480926,-0.975420865480926
cuGS761,497,1,497,-0.0549009779419525,0.220733979254466,-0.741735800568697,-0.79663677851065,-0.79663677851065
cuGS762,498,1,498,0.183826054286385,0.154659078539552,0.20900947792748,0.392835532213864,0.392835532213864
cuGS763,499,1,499,-0.243566325549339,0.12572946348314,0.195023413407874,-0.0485429121414653,-0.0485429121414653
cuGS764,500,1,500,-0.254644518549658,0.225694971166852,-0.753863258221991,-1.00850777677165,-1.00850777677165
cuGS765,501,1,501,-0.221255431093251,0.224403272932357,-0.757145720744589,-0.978401151837839,-0.978401151837839
cuGS767,502,1,502,-0.198979157617115,0.216573154216142,-0.715054693015267,-0.914033850632383,-0.914033850632383
cuGS768,503,1,503,-0.334733025119652,0.148061115168437,-0.290558056031717,-0.625291081151368,-0.625291081151368
cuGS770,504,1,504,-0.136508521014827,0.235355878156094,-0.76763462354403,-0.904143144558857,-0.904143144558857
cuGS771,505,1,505,-0.044367858087578,0.160264535345317,0.237130266899593,0.192762408812015,0.192762408812015
cuGS772,506,1,506,-0.314539679573665,0.161452189535284,-0.371748489760795,-0.68628816933446,-0.68628816933446
cuGS774,507,1,507,0.209479296593754,0.16779696125583,-0.500263878811548,-0.290784582217794,-0.290784582217794
cuGS775,508,1,508,0.209798488263289,0.152172434909148,-0.448923251949169,-0.23912476368588,-0.23912476368588
cuGS776,509,1,509,-0.0548166031065185,0.18981183156925,-0.515373945250622,-0.57019054835714,-0.57019054835714
cuGS782,510,1,510,-0.303026239582167,0.172845732072228,0.235694942790774,-0.0673312967913927,-0.0673312967913927
cuGS788,511,1,511,0.0158689572416391,0.0727175810661727,0.191918641599042,0.207787598840682,0.207787598840682
cuGS791,512,1,512,0.255911499231211,0.16373370663163,0.224383418076094,0.480294917307305,0.480294917307305
cuGS792,513,1,513,0.0168606400185028,0.099205260258653,-0.0425184695255865,-0.0256578295070837,-0.0256578295070837
cuGS793,514,1,514,-0.00872109052233129,0.0953817308012129,-0.0765708140449551,-0.0852919045672864,-0.0852919045672864
cuGS794,515,1,515,-0.0185450720451379,0.0948470579819206,-0.0344222808941581,-0.052967352939296,-0.052967352939296
cuGS795,516,1,516,-0.00955429253369902,0.100215727442041,-0.0283164064162533,-0.0378706989499524,-0.0378706989499524
cuGS797,517,1,517,-0.0205956897681238,0.0960110914038031,-0.0589896487610872,-0.079585338529211,-0.079585338529211
cuGS798,518,1,518,-0.0123014737360404,0.0984360137567893,-0.0378655725978291,-0.0501670463338694,-0.0501670463338694
cuGS799,519,1,519,-0.0276632599004579,0.0951545196260933,-0.0367333987273185,-0.0643966586277764,-0.0643966586277764
cuGS800,520,1,520,-0.0400855887268675,0.0974571545435518,-0.0640566343000035,-0.104142223026871,-0.104142223026871
cuGS801,521,1,521,-0.0310580864159631,0.139639846489833,0.0927005654571427,0.0616424790411796,0.0616424790411796
cuGS802,522,1,522,0.00308228550762438,0.0964204465061073,-0.0303941237526001,-0.0273118382449757,-0.0273118382449757
cuGS803,523,1,523,-0.0681223920557082,0.102869924096474,-0.0653339261509234,-0.133456318206632,-0.133456318206632
cuGS804,524,1,524,0.0572434341284877,0.101537821765817,-0.0314932716963251,0.0257501624321626,0.0257501624321626
cuGS805,525,1,525,-0.304403161716838,0.150020421436013,-0.0413602378229605,-0.345763399539798,-0.345763399539798
cuGS806,526,1,526,-0.649389289438759,0.119585896814306,0.0276520319919132,-0.621737257446846,-0.621737257446846
cuGS807,527,1,527,-0.68923292256207,0.127475758983954,0.0124515477206103,-0.67678137484146,-0.67678137484146
cuGS808,528,1,528,-0.50730787207616,0.127280199722368,0.0281483514825429,-0.479159520593617,-0.479159520593617
cuGS809,529,1,529,-0.51148855357213,0.126081404713789,0.00644035595681605,-0.505048197615314,-0.505048197615314
cuGS810,530,1,530,-0.115006248713321,0.116215881033912,-0.116770473422646,-0.231776722135967,-0.231776722135967
cuGS811,531,1,531,-0.0603930665049947,0.115026980717716,-0.105230547770432,-0.165623614275427,-0.165623614275427
cuGS812,532,1,532,-0.0246794940076836,0.157441498156931,0.022525163535442,-0.00215433047224163,-0.00215433047224163
cuGS813,533,1,533,-0.499987562656739,0.118323009147484,0.00473606767010024,-0.495251494986638,-0.495251494986638
cuGS814,534,1,534,-0.442026525470376,0.270023176824672,0.0754005035135578,-0.366626021956818,-0.366626021956818
cuGS815,535,1,535,0.21073643659428,0.181042545021128,-0.205896879790427,0.00483955680385323,0.00483955680385323
cuGS830,536,1,536,0.282375589720679,0.363604531336359,0.0964807138631776,0.378856303583856,0.378856303583856
cuGS831,537,1,537,0.261720456901838,0.36705551374806,0.126248331296026,0.387968788197864,0.387968788197864
cuGS832,538,1,538,0.309910997664571,0.380001945841761,0.0381797417517405,0.348090739416311,0.348090739416311
cuGS833,539,1,539,-0.383752831013835,0.166521354979554,-0.0480177390020578,-0.431770570015893,-0.431770570015893
cuGS834,540,1,540,0.0505483676168212,0.404932500374793,0.261483872398515,0.312032240015337,0.312032240015337
cuGS835,541,1,541,-0.339089011611953,0.16405680347624,-0.0274976609057457,-0.366586672517698,-0.366586672517698
cuGS836,542,1,542,-0.768159994104552,0.360829819508538,0.237734903076817,-0.530425091027735,-0.530425091027735
cuGS837,543,1,543,0.0867816857855664,0.339623968314274,0.140833194286312,0.227614880071879,0.227614880071879
cuGS838,544,1,544,-0.0956983215718161,0.422646121612488,0.278630592164492,0.182932270592676,0.182932270592676
cuGS839,545,1,545,-0.37692064721937,0.168454749429913,-0.0229863522363845,-0.399906999455754,-0.399906999455754
cuGS840,546,1,546,-0.179560371817613,0.14614576855474,-0.0956120585484071,-0.27517243036602,-0.27517243036602
cuGS841,547,1,547,-0.433634242396036,0.177114148560726,-0.0275995989430187,-0.461233841339055,-0.461233841339055
cuGS842,548,1,548,-0.356854952793756,0.164700562426974,-0.061064875035588,-0.417919827829343,-0.417919827829343
cuGS843,549,1,549,0.429412387484869,0.370051962241434,0.0997140510749122,0.529126438559781,0.529126438559781
cuGS846,550,1,550,-0.385931011076591,0.166439551203228,-0.0353710056829886,-0.42130201675958,-0.42130201675958
cuGS847,551,1,551,0.142657114715638,0.291733868621248,0.072779533464353,0.215436648179991,0.215436648179991
cuGS848,552,1,552,-0.382618474228901,0.170085750580635,-0.0404901457070322,-0.423108619935934,-0.423108619935934
cuGS849,553,1,553,-0.139704626969461,0.404963650299831,0.241104162077638,0.101399535108177,0.101399535108177
cuGS850,554,1,554,-0.00230192244860512,0.393359637834416,0.119887862665493,0.117585940216888,0.117585940216888
cuGS851,555,1,555,0.144105995638415,0.408378593278005,0.257112490740995,0.40121848637941,0.40121848637941
cuGS852,556,1,556,-0.089673794840106,0.392187267520771,0.109629777748137,0.0199559829080314,0.0199559829080314
cuGS853,557,1,557,0.0343921305776128,0.413831404178626,0.264019952098118,0.298412082675731,0.298412082675731
cuGS854,558,1,558,0.276149453594111,0.376105918183465,0.128779323960138,0.404928777554249,0.404928777554249
cuGS855,559,1,559,-0.472947947433858,0.181642784115831,-0.0124486384300824,-0.485396585863941,-0.485396585863941
cuGS856,560,1,560,-0.351700569247548,0.165827034720673,-0.0490587840912497,-0.400759353338797,-0.400759353338797
cuGS857,561,1,561,-0.4059997120239,0.1750005084194,-0.0203756278854358,-0.426375339909336,-0.426375339909336
cuGS858,562,1,562,0.0950360171605737,0.397956310053114,0.115989669282537,0.21102568644311,0.21102568644311
cuGS859,563,1,563,-0.330420130151727,0.178772663253359,-0.00648173482413218,-0.336901864975859,-0.336901864975859
cuGS86,564,1,564,-0.547335198615857,0.120055008675398,0.261364974492416,-0.285970224123442,-0.285970224123442
cuGS860,565,1,565,0.0812868971558602,0.345112196221375,0.152268160084545,0.233555057240405,0.233555057240405
cuGS861,566,1,566,-0.381512788574773,0.165439494739504,-0.0445570976205625,-0.426069886195336,-0.426069886195336
cuGS863,567,1,567,0.248427987294328,0.400473371830965,0.222590430781745,0.471018418076072,0.471018418076072
cuGS864,568,1,568,-0.288480406116434,0.167142356429944,-0.0328293289378812,-0.321309735054315,-0.321309735054315
cuGS865,569,1,569,0.333639710127675,0.377700667703102,0.0213721670840419,0.355011877211717,0.355011877211717
cuGS866,570,1,570,-0.258382379847657,0.16492767616136,-0.0379305177241897,-0.296312897571847,-0.296312897571847
cuGS869,571,1,571,-0.114351434011671,0.437426612737558,0.0553032357394815,-0.0590481982721894,-0.0590481982721894
cuGS87,572,1,572,-0.257149352535037,0.131313316472803,0.251003792458124,-0.00614556007691341,-0.00614556007691341
cuGS870,573,1,573,0.0967843659480552,0.357543651015084,-0.0509352746596429,0.0458490912884123,0.0458490912884123
cuGS871,574,1,574,0.0689338689930585,0.370680374679236,-0.030443535428428,0.0384903335646306,0.0384903335646306
cuGS875,575,1,575,-0.146785132345747,0.167064054797394,0.017374567851751,-0.129410564493996,-0.129410564493996
cuGS876,576,1,576,-0.638145599848652,0.167179416023589,0.0145472318045355,-0.623598368044117,-0.623598368044117
cuGS877,577,1,577,-0.826069592310432,0.174823275827,-0.00628785210697683,-0.832357444417409,-0.832357444417409
cuGS878,578,1,578,0.191561712792384,0.151758370730738,0.00590628349063829,0.197467996283022,0.197467996283022
cuGS879,579,1,579,-0.467817969430807,0.14036120280635,-0.199147506337621,-0.666965475768429,-0.666965475768429
cuGS880,580,1,580,-0.160126882658924,0.133312374284778,0.0439978497159142,-0.116129032943009,-0.116129032943009
cuGS883,581,1,581,0.290414080934285,0.220955417237998,-0.595815946464179,-0.305401865529894,-0.305401865529894
cuGS889,582,1,582,0.352713721445425,0.150585456675777,0.146691918760591,0.499405640206016,0.499405640206016
cuGS893,583,1,583,-1.03494953945253,0.180003949993196,0.153619887805857,-0.881329651646668,-0.881329651646668
cuGS894,584,1,584,-0.345652125398641,0.149775049703948,-0.0823701266204412,-0.428022252019082,-0.428022252019082
cuGS895,585,1,585,-0.443446555807427,0.160506390904667,-0.06082055346256,-0.504267109269987,-0.504267109269987
cuGS896,586,1,586,-0.241059326615704,0.164297140371607,-0.0579309897919179,-0.298990316407622,-0.298990316407622
cuGS897,587,1,587,-0.251856512907663,0.166711064650409,-0.0437540004407705,-0.295610513348433,-0.295610513348433
cuGS898,588,1,588,-0.0647018732388133,0.163166043016586,-0.0335483217259561,-0.0982501949647694,-0.0982501949647694
cuGS899,589,1,589,-0.276308993423285,0.152658698608193,0.0380984382818661,-0.238210555141419,-0.238210555141419
cuGS900,590,1,590,-0.2072500049905,0.153136938065152,0.098250348194744,-0.108999656795756,-0.108999656795756
cuGS901,591,1,591,-0.229960738815556,0.153618993770688,0.119240096762787,-0.110720642052768,-0.110720642052768
cuGS902,592,1,592,-0.119062975191038,0.167104711736721,0.116983292512053,-0.00207968267898487,-0.00207968267898487
cuGS903,593,1,593,-0.416094162927757,0.153349443338033,-0.0562450900132308,-0.472339252940988,-0.472339252940988
cuGS904,594,1,594,-0.414648857876929,0.170666919083883,0.00665703193289299,-0.407991825944036,-0.407991825944036
cuGS905,595,1,595,-0.152717612568531,0.155128123038482,0.00910718696659107,-0.14361042560194,-0.14361042560194
cuGS906,596,1,596,-0.116425144236294,0.14657782210176,0.176321901796794,0.0598967575604994,0.0598967575604994
cuGS907,597,1,597,0.0950099054884027,0.159966883464688,-0.0647547861555802,0.0302551193328225,0.0302551193328225
cuGS908,598,1,598,0.105543195932893,0.158130744064319,-0.0718693754350071,0.0336738204978862,0.0336738204978862
cuGS909,599,1,599,0.0814565804071898,0.139547283585979,0.125090848606602,0.206547429013791,0.206547429013791
cuGS910,600,1,600,-0.232713946815577,0.149929544645333,-0.0409641878216155,-0.273678134637192,-0.273678134637192
cuGS911,601,1,601,0.0407529991290062,0.165049857175757,0.136020956168732,0.176773955297738,0.176773955297738
cuGS912,602,1,602,-0.0169406817745603,0.151267217906813,-0.0344392254030987,-0.051379907177659,-0.051379907177659
cuGS913,603,1,603,-0.0246265892729923,0.145151238369214,0.0808277044066411,0.0562011151336488,0.0562011151336488
cuGS914,604,1,604,0.0423896812311474,0.147723190901976,0.138174405938686,0.180564087169834,0.180564087169834
cuGS915,605,1,605,-0.0717582452418986,0.146324648343503,0.115794180734063,0.0440359354921642,0.0440359354921642
cuGS916,606,1,606,0.0583756003069,0.160957693426636,-0.0674079091100694,-0.0090323088031694,-0.0090323088031694
cuGS917,607,1,607,0.215096744658366,0.114879470219051,0.118471450554253,0.33356819521262,0.33356819521262
cuGS918,608,1,608,-0.0307185698141816,0.145040670788493,-0.0138802810483462,-0.0445988508625278,-0.0445988508625278
cuGS919,609,1,609,-0.700611812264913,0.128763419210675,-0.055401024488048,-0.75601283675296,-0.75601283675296
cuGS92,610,1,610,-0.43073278453334,0.136832780123935,0.206403754581579,-0.224329029951762,-0.224329029951762
cuGS924,611,1,611,-0.196854870215739,0.162628478918709,-0.0496391680607309,-0.246494038276469,-0.246494038276469
cuGS925,612,1,612,-0.229241458378768,0.167309069778609,-0.552061212465802,-0.78130267084457,-0.78130267084457
cuGS926,613,1,613,-0.190591529912086,0.15042063257352,-0.45688191562668,-0.647473445538767,-0.647473445538767
cuGS928,614,1,614,-0.348528125673472,0.178182705077949,-0.602985675428242,-0.951513801101714,-0.951513801101714
cuGS929,615,1,615,-0.169642404411192,0.15792519976353,-0.503397831661151,-0.673040236072343,-0.673040236072343
cuGS930,616,1,616,-0.328526925340945,0.199064349977336,-0.669827285998076,-0.99835421133902,-0.99835421133902
cuGS931,617,1,617,-0.158520898881646,0.175588626247374,-0.571186965645449,-0.729707864527095,-0.729707864527095
cuGS932,618,1,618,-0.203281203946119,0.165508337891824,-0.549438109119646,-0.752719313065765,-0.752719313065765
cuGS933,619,1,619,-0.153596166773034,0.157692078966047,-0.48835260135813,-0.641948768131164,-0.641948768131164
cuGS934,620,1,620,-0.0844310150820615,0.141478666563762,-0.402853450240086,-0.487284465322147,-0.487284465322147
cuGS935,621,1,621,-0.157344851744252,0.130385360538473,-0.347628119371989,-0.504972971116242,-0.504972971116242
cuGS936,622,1,622,-0.0834132409217225,0.161709031219933,-0.506025665716845,-0.589438906638568,-0.589438906638568
cuGS937,623,1,623,0.192408078433473,0.13469186450231,-0.33572919219176,-0.143321113758287,-0.143321113758287
cuGS939,624,1,624,0.0188491949372901,0.145091447358878,0.0498691496508601,0.0687183445881502,0.0687183445881502
cuGS94,625,1,625,-0.289551582733376,0.142831890344784,0.163093433701245,-0.126458149032131,-0.126458149032131
cuGS940,626,1,626,0.00568503594435407,0.145084943142091,-0.393434036362978,-0.387749000418624,-0.387749000418624
cuGS941,627,1,627,-0.173449885592803,0.128692930585914,-0.341115147007686,-0.514565032600489,-0.514565032600489
cuGS942,628,1,628,0.290819793321433,0.174136245277557,0.263597018007716,0.554416811329149,0.554416811329149
cuGS943,629,1,629,0.194744416587896,0.183444765685852,-0.603327783715043,-0.408583367127147,-0.408583367127147
cuGS944,630,1,630,0.296056702161389,0.183978770734736,-0.603379139004932,-0.307322436843543,-0.307322436843543
cuGS947,631,1,631,0.210536821298349,0.187972913264857,-0.650952066123624,-0.440415244825275,-0.440415244825275
cuGS948,632,1,632,0.375124717646837,0.181755354954146,-0.606883039386129,-0.231758321739292,-0.231758321739292
cuGS949,633,1,633,0.482855941418648,0.179634298699308,-0.615525280934312,-0.132669339515664,-0.132669339515664
cuGS950,634,1,634,0.165773885892106,0.170533203133274,-0.574135104738337,-0.408361218846231,-0.408361218846231
cuGS951,635,1,635,0.366263953550232,0.174089267623817,-0.586840563454076,-0.220576609903844,-0.220576609903844
cuGS952,636,1,636,-0.197202678763254,0.189376532056925,-0.653036272167098,-0.850238950930352,-0.850238950930352
cuGS953,637,1,637,0.0197161414694711,0.134172386018008,-0.46043683217301,-0.440720690703539,-0.440720690703539
cuGS954,638,1,638,0.362967260308306,0.151194870641792,-0.548610682791001,-0.185643422482695,-0.185643422482695
cuGS955,639,1,639,0.202913905449973,0.148298419203243,-0.543223231336738,-0.340309325886765,-0.340309325886765
cuGS956,640,1,640,0.236229537052557,0.151431257643826,-0.555373151202623,-0.319143614150066,-0.319143614150066
cuGS957,641,1,641,0.202572092921061,0.137533689786312,-0.479397400262267,-0.276825307341206,-0.276825307341206
cuGS958,642,1,642,0.268872613799066,0.141723765407884,-0.52114140980982,-0.252268796010754,-0.252268796010754
cuGS959,643,1,643,0.0363502090804487,0.17945950219441,-0.564998299823213,-0.528648090742764,-0.528648090742764
cuGS960,644,1,644,-0.031100296849826,0.174667172030328,-0.57445306002781,-0.605553356877636,-0.605553356877636
cuGS961,645,1,645,-0.0760191061307773,0.192423266300794,-0.632601379326939,-0.708620485457716,-0.708620485457716
cuGS963,646,1,646,0.148112363382648,0.113790088119418,-0.401344860617855,-0.253232497235207,-0.253232497235207
cuGS964,647,1,647,0.213980447371622,0.118578556421435,-0.405916812983728,-0.191936365612105,-0.191936365612105
cuGS965,648,1,648,-0.0308939177143407,0.110881364970366,-0.397649643561609,-0.42854356127595,-0.42854356127595
cuGS966,649,1,649,-0.0223495558098514,0.114621786624963,-0.398562554307307,-0.420912110117159,-0.420912110117159
cuGS967,650,1,650,0.108536426086093,0.118681433895887,-0.397946977017032,-0.289410550930939,-0.289410550930939
cuGS968,651,1,651,0.0293038281254148,0.129216018504204,-0.406838545170878,-0.377534717045463,-0.377534717045463
cuGS969,652,1,652,0.00392498699266514,0.186278262061942,-0.633914895037089,-0.629989908044423,-0.629989908044423
cuGS970,653,1,653,0.215694361412934,0.168555089580916,-0.572519457249538,-0.356825095836604,-0.356825095836604
cuGS971,654,1,654,-0.166703973222078,0.163564730938321,-0.44557919790022,-0.612283171122298,-0.612283171122298
cuGS972,655,1,655,0.217616503923218,0.159699393921694,-0.535390284988184,-0.317773781064966,-0.317773781064966
cuGS973,656,1,656,0.0673092288269698,0.169126830550493,-0.584882216207373,-0.517572987380403,-0.517572987380403
cuGS975,657,1,657,-0.267627163691357,0.187871369467653,-0.598198099105179,-0.865825262796536,-0.865825262796536
cuGS976,658,1,658,0.0310578784192553,0.185959732416141,-0.621972045620125,-0.59091416720087,-0.59091416720087
cuGS977,659,1,659,0.0376656334630047,0.188417885105443,-0.627349085170015,-0.589683451707011,-0.589683451707011
cuGS978,660,1,660,0.040466879516278,0.181506837050584,-0.613155725978058,-0.57268884646178,-0.57268884646178
cuGS979,661,1,661,-0.0230866504508841,0.184495860952989,-0.622904786553338,-0.645991437004222,-0.645991437004222
cuGS980,662,1,662,0.0537620170946613,0.175237782747542,-0.566786877034481,-0.513024859939819,-0.513024859939819
cuGS981,663,1,663,0.483708082850169,0.166905531138845,-0.562090010024847,-0.0783819271746785,-0.0783819271746785
cuGS982,664,1,664,0.14507058766789,0.149638656476758,-0.421153755843656,-0.276083168175766,-0.276083168175766
cuGS985,665,1,665,-0.0711481754929888,0.192378680613121,-0.620524944449487,-0.691673119942475,-0.691673119942475
cuGS987,666,1,666,0.392703725315858,0.125218092796036,-0.298635239187109,0.0940684861287489,0.0940684861287489
cuGS989,667,1,667,0.422960235015878,0.12140487499188,-0.303287839655524,0.119672395360353,0.119672395360353
cuGS991,668,1,668,-0.242255513109459,0.129945720715498,-0.391299595631453,-0.633555108740912,-0.633555108740912
cuGS992,669,1,669,-0.07631269395947,0.159228683337443,-0.483794422064482,-0.560107116023952,-0.560107116023952
cuGS993,670,1,670,-0.0780170683726335,0.134431518227638,-0.411298021213839,-0.489315089586473,-0.489315089586473
cuGS996,671,1,671,0.699238252231265,0.142189346353912,-0.357686524875737,0.341551727355528,0.341551727355528
cuGS997,672,1,672,0.452349773390727,0.165123829284081,-0.525730096771584,-0.0733803233808568,-0.0733803233808568
cuGS999,673,1,673,0.552295113628087,0.170356594576812,-0.571790257714024,-0.0194951440859372,-0.0194951440859372
MSU10,674,1,674,0.572401553931497,0.130936470116545,0.210064635839137,0.782466189770634,0.782466189770634
MSU100,675,1,675,0.388481610348774,0.130933075099639,0.288685849582181,0.677167459930955,0.677167459930955
MSU101,676,1,676,0.562278834094043,0.13538085863645,0.319723709462249,0.882002543556291,0.882002543556291
MSU103,677,1,677,0.123902172253089,0.161697170748314,0.296730516173157,0.420632688426246,0.420632688426246
MSU105,678,1,678,-0.576773114185539,0.133871295923724,0.316260392668438,-0.260512721517101,-0.260512721517101
MSU11,679,1,679,0.6996587232643,0.168639298225912,0.272363213741272,0.972021937005572,0.972021937005572
MSU12,680,1,680,0.698195281748931,0.163993881230931,0.243487192735919,0.94168247448485,0.94168247448485
MSU13,681,1,681,0.831044610353098,0.116981957913401,0.251630771714748,1.08267538206785,1.08267538206785
MSU16,682,1,682,1.31680178180942,0.11392643379845,0.282316509261592,1.59911829107101,1.59911829107101
MSU17,683,1,683,1.35909172690158,0.129259937833071,0.296417622649482,1.65550934955106,1.65550934955106
MSU18,684,1,684,0.534058719660958,0.111423359186254,0.230391311604183,0.764450031265141,0.764450031265141
MSU2,685,1,685,0.993225687235798,0.1228997546489,0.203493108735604,1.1967187959714,1.1967187959714
MSU20,686,1,686,0.375157046061533,0.203419600617199,0.290649635496863,0.665806681558396,0.665806681558396
MSU22,687,1,687,0.635347286726974,0.1273138468948,0.196341886795333,0.831689173522307,0.831689173522307
MSU23,688,1,688,0.815816698423669,0.124468356491524,0.0304395664596648,0.846256264883334,0.846256264883334
MSU24,689,1,689,0.607369898753969,0.126675805706558,0.310520177442191,0.91789007619616,0.91789007619616
MSU25,690,1,690,0.322404526274614,0.221571108601431,0.277002479937754,0.599407006212368,0.599407006212368
MSU27,691,1,691,0.856560120958724,0.126254244601908,0.0676103565187806,0.924170477477505,0.924170477477505
MSU34,692,1,692,-0.0558441678037978,0.135243182776795,0.295171315288453,0.239327147484655,0.239327147484655
MSU35,693,1,693,0.620821337283526,0.172407308633369,0.238405019809204,0.85922635709273,0.85922635709273
MSU4,694,1,694,0.752694207937657,0.148697081905758,0.0511906609855515,0.803884868923208,0.803884868923208
MSU40,695,1,695,1.45029181086443,0.123229414160753,0.287368267171081,1.73766007803552,1.73766007803552
MSU41,696,1,696,0.37808170340254,0.125596888683288,0.208635512041991,0.586717215444531,0.586717215444531
MSU44,697,1,697,0.454944940465522,0.155914601789918,0.170468248248137,0.625413188713659,0.625413188713659
MSU45,698,1,698,1.26887235659287,0.178690431738084,0.164605154505243,1.43347751109812,1.43347751109812
MSU46,699,1,699,0.910403789312633,0.293947726678316,0.585210766220333,1.49561455553297,1.49561455553297
MSU47,700,1,700,0.307780039364021,0.134007452248698,0.280204498220344,0.587984537584365,0.587984537584365
MSU5,701,1,701,0.395168967334002,0.173776073410622,0.268139142277264,0.663308109611266,0.663308109611266
MSU54,702,1,702,0.360933105529498,0.218375550828427,0.326342390785749,0.687275496315248,0.687275496315248
MSU55,703,1,703,0.934300327788645,0.168144919565355,0.283824636750326,1.21812496453897,1.21812496453897
MSU56,704,1,704,-0.0286745791937187,0.126325842419805,0.0385875066215441,0.00991292742782548,0.00991292742782548
MSU62,705,1,705,1.18893093290819,0.155203290798464,0.264713841977555,1.45364477488574,1.45364477488574
MSU63,706,1,706,0.762061751776229,0.118221067264925,0.193768217440744,0.955829969216973,0.955829969216973
MSU64,707,1,707,0.868841258776148,0.132004763021306,0.283273492206978,1.15211475098313,1.15211475098313
MSU65,708,1,708,0.00600441553216507,0.187734859635269,0.325913868542996,0.331918284075161,0.331918284075161
MSU66,709,1,709,0.870395517256704,0.173628640267698,0.291477932891633,1.16187345014834,1.16187345014834
MSU67,710,1,710,0.841520767741419,0.216585681227142,0.201415949996251,1.04293671773767,1.04293671773767
MSU68,711,1,711,0.236193928624198,0.136335899615394,0.270254521702327,0.506448450326526,0.506448450326526
MSU69,712,1,712,0.488245865581899,0.109055242372691,0.262926939315108,0.751172804897007,0.751172804897007
MSU7,713,1,713,0.0137227672804763,0.125739015721727,-0.182352423537043,-0.168629656256567,-0.168629656256567
MSU70,714,1,714,0.365196353667992,0.208427484454273,0.309066982234572,0.674263335902563,0.674263335902563
MSU71,715,1,715,0.233137717548448,0.157226436319072,0.301591658545313,0.534729376093761,0.534729376093761
MSU73,716,1,716,-0.101022980171718,0.118087843788409,0.139267494437159,0.0382445142654418,0.0382445142654418
MSU74,717,1,717,0.3763004677034,0.216545907941193,0.407099542220825,0.783400009924225,0.783400009924225
MSU75,718,1,718,0.565438492740842,0.132205109308076,0.159327312370595,0.724765805111437,0.724765805111437
MSU78,719,1,719,0.124765316744654,0.194454125964384,0.109527922436677,0.234293239181332,0.234293239181332
MSU79,720,1,720,0.142137576784374,0.145101866740219,0.185070960856963,0.327208537641337,0.327208537641337
MSU83,721,1,721,0.833237054322553,0.188770008023005,0.0738172232825033,0.907054277605056,0.907054277605056
MSU85,722,1,722,0.487543531972208,0.124892244505205,0.250916287745711,0.738459819717919,0.738459819717919
MSU87,723,1,723,0.212192878248868,0.143024068781143,0.0590235567304001,0.271216434979268,0.271216434979268
MSU88,724,1,724,0.363219166243987,0.134329468536962,0.192377245399108,0.555596411643095,0.555596411643095
MSU89,725,1,725,-0.230079647839137,0.124948964421303,0.174260510281263,-0.0558191375578743,-0.0558191375578743
MSU9,726,1,726,0.670861215346181,0.163547641384256,0.104047068913732,0.774908284259913,0.774908284259913
MSU92,727,1,727,0.218918998168545,0.20895301009356,0.122791954823451,0.341710952991996,0.341710952991996
MSU94,728,1,728,0.641610821836364,0.293934996039616,0.499787820076027,1.14139864191239,1.14139864191239
MSU96,729,1,729,0.245002234168356,0.150267123165954,0.248811286430955,0.493813520599311,0.493813520599311
MSU97,730,1,730,0.208670519599142,0.207124886546615,0.285818827335773,0.494489346934915,0.494489346934915
