Source,Entry,PLOT,PlotYield,TW,Moisture,Lodging,Mildew,Ht,HD,Wh April 18,KC,Segregation,Awn,Chaff color
808,NY02008,2001,1316,75.1,12.5,N,N,95,6,100,W,,N,W
159,NY96047,2002,1022,73.1,12.4,O,O,80,6,100,W,,N,Br
290,Ava,2003,1465,74.6,12.8,N,N,85,6,100,W,,N,W
439,KY97C-0508-01-01A-1,2004,1498,75.4,12.1,E,E,75,1,100,R,20% green,A,W
841,NY05158,2005,1357,75.2,12.7,,,65,2,100,W,,N,Br
857,NY05158,2006,1558,75.7,12.8,,,70,2,100,W,,N,Br
262-Jen,Check_Jensen,2007,1624,75.2,12.7,,,85,7,100,W,,N,Br
1264,NY10086-6-13-1264,2008,1844,75.4,12.2,,,85,3,100,W,,N,Br
MSU19,MSU Line F2024R,2009,1970,75.3,12.5,,,80,31,100,R,Bl/G,N,W
1248,NY03060,2010,1670,73,11.4,,,90,6,95,W,,N,W
1167,NY99045,2011,1637,74.3,12.6,,,85,31,100,W,"20% blue, 20%W",N,"Br,W"
SPN PLOT#: 878,OH12-328-74,2012,1947,76.2,13,,,95,30,100,R,,N,W
1285,NY10102-1-68-1285,2013,2071,75,12.1,,,90,3,100,S,,N,W
904,NY09090-60,2014,1887,75.2,11.8,,,85,3,95,W,,N,W
1086,09058-1-23,2015,2548,73.5,12.6,,,90,4,100,W,,N,W
1227,NY03076,2016,2278,72.1,12.4,,,85,3,100,R,,N,W
SPN PLOT#: 690,OH12-293-29,2017,2219,74.5,12.6,,,90,2,100,R,,A,W
SPN PLOT#: 510,OH12-259-48,2018,2040,75.5,13.2,,,85,1,100,R,,N,W
1289,NY10108-2-13-1289,2019,1895,75.9,12,,,85,3,100,S,,N,W
835,NY05158,2020,2086,75.9,12.2,,,75,2,100,W,,N,Br
SPN PLOT#: 675,OH12-282-67,2021,2193,76.2,12.3,,,85,2,100,R,,N,W
842,NY05158,2022,2152,74.9,12.4,,,73,3,100,W,,N,Br
35-Cal,Check_Caledonia,2023,1857,72.6,12.2,,,85,5,90,W,W/Br,N,W/Br
1271,NY10089-2-02-1271,2024,2383,73.3,12,,,85,1,100,W,,N,W
818,NY05152,2025,1738,75.9,12.2,,,95,6,95,R,"Bl/G,10%Br",N,"W,Br"
1277,NY10102-1-17-1277,2026,1914,75.1,11.7,,,90,3,100,S,,N,W
1276,NY10102-1-14-1276,2027,1858,74.9,11.6,,,90,3,100,S,,N,W
440,IL04-8445,2028,2178,76.9,12.7,,,80,1,100,R,10%Br,N,"W,Br"
864,NY05158,2029,1858,75,13,,,70,1,100,M,,N,Br
1116,09079-6-39,2030,1606,72.8,13.1,,,90,4,100,W,,N,Br
MSU14,MSU Line F2014R,2031,2176,75.4,12.7,,,85,2,100,R,,N,W
MSU5,MSU Line F1047,2032,1229,73.5,12.3,,,75,4,100,W,,N,W
MSU6,MSU Line F1049,2033,1109,72.4,12.8,,,90,1,100,W,10%Br,N,"W,Br"
SPN PLOT#: 417,OH12-195-41,2034,1270,70.5,11.9,,,80,1,100,R,,N,W
SPN PLOT#: 649,OH12-281-62,2035,1200,73.2,12.2,,,75,30,100,R,,N,W
627,XY04-37,2036,1456,73.2,12.2,,,80,2,100,R,,N,W
MSU25,MSU Line F2037,2037,1918,75.3,12.5,,,95,3,100,W,Bl/G,N,W
999,NY09112-10,2038,2109,75.9,12.5,,,105,4,100,W,W/Br,A,W/Br
SPN PLOT#: 557,OH12-242-4,2039,1618,73.3,11.5,,,85,30,100,R,,N,W
814,NY02008,2040,2336,75.6,12.9,,,110,10,100,W,,N,W
618,Shirley,2041,2180,73.7,12,,,80,3,100,R,,N,W
1263,NY10086-6-09-1263,2042,2434,76.3,12.4,,,100,4,100,W,W/Br,N,W/Br
1262,NY10086-6-03-1262,2043,1836,75.9,12.7,,,90,3,100,W,,N,Br
1180,NY00020,2044,2576,75,12.3,,,90,2,100,R,,A,W
1290,NY10108-2-16-1290,2045,1814,76.5,11.5,,,90,3,95,W,,N,W
1049,Envoy,2046,1947,74.7,12.4,,,80,4,100,W,15% N,"A,N",W
1300,NY10108-2-87-1300,2047,1888,75.2,12.6,,,90,4,100,S,,N,W
1051,MSU Line E6032,2048,1873,73.6,12,,,75,4,100,W,,A,W
1282,NY10102-1-30-1282,2049,2134,75,12.4,,,90,3,100,R,,N,W
288,Pioneer 25W36,2050,2067,73.1,12.4,,,80,3,100,W,,N,W
477Ots,Check_Otsego,2051,1822,73.7,13.1,,,85,1,100,R,,N,W
473,7730R,2052,1570,73.1,13,,,75,30,100,R,,N,W
821,NY05152,2053,1516,75.2,13.1,,,85,6,95,W,,N,W
861,NY05158,2054,2057,75,12.8,,,70,2,100,W,,N,Br
1166,NY99045,2055,1635,73.4,12.2,,,80,3,95,W,,N,W
SPN PLOT#: 268,OH12-139-49,2056,1871,74.9,12.5,,,90,31,100,R,,N,W
1298,NY10108-2-77-1298,2057,1731,75.3,12.4,,,85,4,100,S,,N,W
SPN PLOT#: 375,OH12-209-46,2058,2280,77.2,12.6,,,90,30,100,R,,N,W
MSU8,MSU Line F2002,2059,1611,78,12.9,,,80,8,85,W,10% N,"A,N",W?
1097,09067-2-69,2060,2369,75.3,12.9,,,95,3,100,M,,N,W
1187,NY01019,2061,1439,73.2,12.5,,,80,7,75,W,,A,Br
1272,NY10102-1-02-1272,2062,2099,73.9,12.5,,,90,4,100,S,,N,W
1177,NY99069,2063,1862,74.2,12.6,,,105,4,90,W,,N,W
1267,NY10086-6-33-1267,2064,2282,75.7,12.7,,,100,3,100,W,W/Br,N,W/Br
1189,NY01020,2065,1638,72.7,12,,,75,8,80,W,,N,W
1308,NY10127-10-62-1308,2066,2193,75.5,12.8,,,85,7,100,W,,N,W
602-OH,Check_OH02-12686,2067,2197,75.5,13.1,,,85,5,100,R,,N,W
1197,NY02003,2068,1592,72.7,12.3,,,75,3,95,W,,N,W
1191,NY01026,2069,2047,75.4,12.7,,,80,6,100,R,,N,Br
1246,NY03060,2070,2028,74.2,12.3,,,95,6,100,W,Ht,N,Br
MSU26,MSU Line F2039,2071,2264,69.7,12.3,,,85,3,100,W,,N,W
MSU15,MSU Line F2016,2072,2693,74.1,12.9,,,95,5,100,W,,N,W
1234,NY04126,2073,2275,75.4,12.5,,,100,7,100,R,,N,W
SPN PLOT#: 200,OH12-133-62,2074,2369,68.5,12.2,,,85,4,100,R,10%A,"N,A",W
1265,NY10086-6-14-1265,2075,2343,75.2,12.5,,,90,3,100,W,,N,Br
MSU4,MSU Line F1029,2076,2265,73.4,12.8,,,80,2,100,W,,N,W
1306,NY10127-10-22-1306,2077,2139,75.4,13.1,,,85,5,100,W,,N,Br
1200,NY02003,2078,1862,72.5,12.3,,,75,2,100,W,,N,W
1081,09040-1-12,2079,1918,75.6,11.9,,,105,5,100,W,,N,Br
820,NY05152,2080,1733,74.1,12.9,,,75,4,100,M,"10% Bl,10% T",N,Br
1309,NY10127-10-87-1309,2081,1756,75.8,13.1,,,90,5,100,W,,N,W
876,NY07078,2082,2164,73.5,12.6,,,80,5,100,W,,N,W
SPN PLOT#: 835,OH12-298-1,2083,1923,74.4,11.8,,,100,3,100,R,,A,W
SPN PLOT#: 487,OH12-228-42,2084,1995,73.6,12.8,,,80,2,100,R,,N,W
1269,NY10087-1-01-1269,2085,1974,74.2,12.5,,,90,7,100,W,,N,Br
SPN PLOT#: 527,OH12-238-62,2086,1925,75.7,12.1,,,85,1,100,R,,N,W
SPN PLOT#: 578,OH12-299-41,2087,1432,76.9,12.5,,,85,2,90,R,10%T,A,W
1199,NY02003,2088,1584,72.4,11.7,,,87,3,95,W,,N,W
SPN PLOT#: 192,OH12-127-70,2089,2001,74.5,12.5,,,93,30,100,R,,N,W
1275,NY10102-1-13-1275,2090,1631,74.6,12.5,,,85,3,100,S,,N,W
MSU13,MSU Line F2012,2091,1681,72.1,12.8,,,95,3,100,W,10% N,"A,N",W
1055,TW531-003,2092,1886,74.7,12.3,,,90,7,100,W,,N,W
628,OH05-200-74,2093,1888,72.8,12.1,,,85,2,100,R,,N,Br
MSU16,MSU Line F2018,2094,1890,72,12.4,,,87,1,95,W,,N,W
1243,NY03043,2095,1698,74.2,12.5,,,84,5,95,W,,N,W
1266,NY10086-6-27-1266,2096,2280,74.2,12.4,,,92,2,100,W,W/Br,N,W/Br
SPN PLOT#: 517,OH12-236-26,2097,2043,74.7,12.8,,,95,1,100,R,Ht,N,W
1287,NY10102-1-78-1287,2098,1698,74.3,12.6,,,85,3,100,W,,N,W
1074,NY94052-6090B,2099,2344,75,12.5,,,93,6,100,W,,N,Br
264-Med,Check_Medina,2100,2008,74.3,12.5,,,103,5,100,W,,N,W
SPN PLOT#: 411,OH12-194-53,2101,2341,73.3,11.9,,,85,31,100,R,,N,W
1250,NY04044,2102,1933,72.9,12.1,,,95,8,95,W,10%Br,N,"W,Br"
1192,NY01066,2103,1907,74.3,12.5,,,85,3,100,W,,N,W
1296,NY10108-2-64-1296,2104,1992,75.5,12.8,,,85,4,100,S,,N,W
1310,NY10131-1-51-1310,2105,1662,75,12.4,,,95,5,100,W,,N,W
SPN PLOT#: 237,OH12-135-17,2106,1453,76.1,12.1,,,80,31,100,R,,N,W
807,NY02008,2107,1593,73.4,13.1,,,95,8,100,W,,N,W
1278,NY10102-1-19-1278,2108,1653,74.6,12.5,,,85,3,100,W,,N,W
1190,NY01023,2109,1472,72.6,12.5,,,70,2,100,R,"10%T,10%Br",N,"W,Br"
1072,Caledonia Reselect-L-W,2110,2016,74.5,13.1,,,85,1,100,W,,N,W
SPN PLOT#: 729,OH12-288-27,2111,1575,76,12.6,,,80,2,100,R,,N,W
901,NY09090-2,2112,1729,74.8,12.6,,,82,3,100,W,,N,W
MSU21,MSU Line F2028R,2113,2132,76.1,13,,,87,31,100,R,,N,W
1173,NY99049,2114,1770,72.9,12.8,,,80,2,100,W,,N,W
MSU22,MSU Line F2031,2115,1822,69.5,12.1,,,80,2,100,W,,N,W
1268,NY10086-6-67-1268,2116,1790,74.7,12.3,,,90,2,100,W,,N,Br
MSU12,MSU Line F2010,2117,1838,72.2,12.3,,,77,2,100,W,,N,W
1168,NY99045,2118,1824,73.6,12.5,,,88,3,100,W,"10% N,10%Br","A,N","W,Br"
1232,NY04033,2119,1980,73.6,12,,,95,4,100,W,,N,Br
1171,NY99048,2120,2001,74,12.6,,,95,4,100,W,,N,W
SPN PLOT#: 482,OH12-226-31,2121,2044,75.4,13,,,97,2,100,R,,N,W
1052,MSU Line E8052,2122,1965,72.8,12.5,,,85,2,100,W,,A,W
1064,VA08W-176,2123,1532,76,13.1,,,77,3,95,R,,N,W
1299,NY10108-2-85-1299,2124,1541,75.1,12,,,80,3,100,W,,N,W
1098,09067-2-86,2125,1408,75.3,12,,,77,2,100,R,,N,W
1301,NY10126-3-12-1301,2126,1671,74.8,12.8,,,85,3,100,W,A/N,A/N,W
MSU3,MSU Line F1026R,2127,2326,74.3,12.9,,,75,2,100,R,,N,W
SPN PLOT#: 824,OH12-322-28,2128,1833,73.6,12.7,,,77,1,95,R,,N,W
MSU24,MSU Line F2035,2129,2058,68.9,12.6,,,90,2,100,W,,N,W
846,NY05158,2130,2116,75.8,12.8,,,70,2,100,W,,N,Br
1297,NY10108-2-67-1297,2131,1865,76,12.7,,,85,7,100,R,,N,W
MSU9,MSU Line F2004,2132,1773,70.5,13,,,65,2,100,W,,N,W
1183,NY01003,2133,1544,73.2,12.8,,,77,8,95,W,,A,W
1302,NY10126-3-19-1302,2134,1593,75.2,12.1,,,85,4,95,W,A/N,A/N,W
603,OH02-12678,2135,1933,75.5,12.9,,,85,3,100,R,,N,W
928,NY09095-16,2136,2013,75,13,,,85,2,100,W,,N,Br
MSU27,MSU Line F2041,2137,1707,68.5,12.1,,,105,6,100,W,,N,W
1247,NY03060,2138,1669,73.9,12.1,,,85,6,100,W,"Bl/G,W/Br",N,W/Br
MSU10,MSU Line F2006,2139,1838,72,12.6,,,75,4,100,W,,N,W
1305,NY10127-10-04-1305,2140,1583,74,12.5,,,80,5,90,W,,N,W
1281,NY10102-1-29-1281,2141,2014,73.2,12.8,,,80,3,100,S,,N,W
1253,NY04047,2142,1941,73.8,12.7,,,74,4,95,W,,N,W
1286,NY10102-1-71-1286,2143,1967,74.5,12.4,,,82,3,100,W,,N,W
SPN PLOT#: 753,OH12-289-4,2144,2007,75.4,12.9,,,110,29,100,R,"10%N,10%Br","A,N","W,Br"
1291,NY10108-2-24-1291,2145,1879,75.6,12,,,85,3,100,W,,N,W
617,FSX888,2146,2022,75.5,12.9,,,80,3,100,R,,N,W
MSU7,MSU Line F1051,2147,1764,74.1,12.9,,,90,3,100,W,,N,W
SPN PLOT#: 205,OH12-118-61,2148,1761,75.7,13.1,,,80,29,100,R,,N,W
1184,NY01003,2149,2084,73.1,12.8,,,87,4,100,W,,N,W
1304,NY10126-3-70-1304,2150,2012,74.9,12.4,,,85,3,100,W,A/N,A/N,W
1175,NY99056,2151,2017,73.7,12.4,,,92,5,100,W,10%Br,N,"W,Br"
MSU11,MSU Line F2008,2152,1838,70.7,12.8,,,75,4,100,W,,N,W
942,NY09096-51,2153,2248,73.1,12.1,,,85,1,100,W,,N,W
625,MO 080104,2154,2406,76.8,13.4,,,95,30,100,,10%A,"N,A",W
MSU1,MSU Line F0013R,2155,2103,76.9,12.6,,,75,2,100,R,,N,W
SPN PLOT#: 677,OH12-284-53,2156,1809,72.9,12.1,,,87,29,100,R,10% N,"A,N",W
1094,09067-2-04,2157,1939,74.7,12.6,,,85,3,100,R,,N,W
1090,09063-11-64,2158,2214,75.4,12.8,,,97,6,100,R,,N,W
1114,09079-6-07,2159,1551,75.4,12.2,,,97,6,90,W,,N,Br
1273,NY10102-1-04-1273,2160,1810,74.9,12.7,,,85,3,100,S,,N,W
1288,NY10108-2-11-1288,2161,1884,75.7,12.3,,,90,3,100,S,,N,W
1179,NY00020,2162,2270,73.9,12.7,,,80,3,100,R,,N,W
MSU18,MSU Line F2022,2163,2165,73.4,12.4,,,90,6,100,W,,A,W
1059,X08-39D,2164,2314,76.6,13.1,,,85,2,100,R,Bl/G,N,W
268,E0028,2165,2527,72.7,12.5,,,85,3,100,W,,N,W
SPN PLOT#: 28,OH12-66-41,2166,2130,73.8,12.9,,,95,31,100,R,10%Br,N,"W,Br"
1292,NY10108-2-30-1292,2167,1929,76.4,12.6,,,90,4,100,W,,N,W
806,NY02008,2168,2033,74.6,12.4,,,95,7,100,W,10%Br,N,"W,Br"
859,NY05158,2169,2073,75,12.9,,,70,2,100,W,,N,Br
SPN PLOT#: 271,OH12-169-48,2170,1988,72.6,13.1,,,70,1,100,R,,N,W
1284,NY10102-1-54-1284,2171,1983,73.3,12.7,,,85,3,100,S,,N,W
844,NY05158,2172,2074,76.8,12.9,,,95,5,90,R,"Bl/G,10%Br",N,"W,Br"
1303,NY10126-3-39-1303,2173,1740,76,12.6,,,93,4,100,W,A/N,A/N,W
MSU23,MSU Line F2033,2174,2152,73.4,12.6,,,93,4,95,W,,A,W
1202,NY02003,2175,1613,73.4,12.8,,,95,3,90,W,20% N,"A,N",W
848,NY05158,2176,2187,76.8,12.2,,,75,3,100,W,,N,Br
866,NY05158,2177,2168,75.7,12.4,,,75,2,100,W,"T/S, A/N,W/Br",A/N,Br/W
1225,NY03053,2178,1766,74.2,11.9,,,80,2,100,R,,N,Br
880,NY07088,2179,1570,74.4,12.7,,,77,3,90,M,"Bl/G, T/S, 10% A,10%Br","N,A","W,Br"
436,B030543,2180,1595,77.2,12.5,,,72,3,100,R,Ht?,N,W
SPN PLOT#: 625,OH12-262-34,2181,1627,75.1,13.1,,,72,3,100,R,,N,W
879,NY07085,2182,1380,72.1,12.9,,,85,3,95,M,"T/S, A/N","N,A",W
SPN PLOT#: 467,OH12-208-26,2183,1763,73.1,13,,,70,1,100,R,,N,W
1295,NY10108-2-50-1295,2184,2184,76.2,12.6,,,87,5,100,S,,N,W
1218,NY03143,2185,1327,73.3,12.2,,,82,5,75,R,20% Bl,N,Br
SPN PLOT#: 156,OH12-104-72,2186,2533,74.3,13,,,90,31,100,R,,N,W
1164,NY99034,2187,2077,75,12.4,,,93,2,100,W,,A,W
697,7388xD8006 - 18,2188,2016,74.9,12.4,,,93,2,100,W,,N,Br
1188,NY01019,2189,2177,74.5,12.9,,,97,8,100,W,,N,W
1293,NY10108-2-46-1293,2190,2181,75.6,12.7,,,90,3,100,R,,N,W
482,RO65,2191,2119,75.8,12,,,80,3,95,R,,N,W
1280,NY10102-1-26-1280,2192,1796,75.2,11.9,,,87,3,100,S,,N,W
1294,NY10108-2-47-1294,2193,1825,75.2,12.8,,,80,3,100,S,,N,W
1063,VA05W-251,2194,1340,72.1,12.6,,,67,3,85,R,,N,W
MSU17,MSU Line F2020,2195,2029,71.9,12.1,,,80,1,100,W,,N,W
855,NY05158,2196,1583,74.6,12.9,,,65,1,100,W,,N,Br
1270,NY10087-1-02-1270,2197,1530,74.7,12.7,,,85,7,100,W,,N,Br
716,NY01016-AN,2198,1716,75.2,12.5,,,87,2,100,W,,A,W
839,NY05158,2199,1951,76.3,12.8,,,73,2,100,W,,N,Br
629,ML06-2097,2200,2326,75.6,13.1,,,85,3,100,R,,N,W
1186,NY01003,2201,2094,73.6,13.1,,,80,3,100,W,,N,W
SPN PLOT#: 750,OH12-317-57,2202,1958,77.2,12.9,,,88,2,100,R,,A,W
SPN PLOT#: 41,OH12-91-67,2203,2106,74.1,12,,,82,3,100,R,,N,W
878,NY07083,2204,2087,72.6,12.7,,,82,2,100,W,,N,W
874,NY07075,2205,1826,74.8,13,,,83,3,100,W,,N,W
SPN PLOT#: 150,OH12-123-5,2206,2288,73.5,12.9,,,75,31,100,R,,N,W
1206,NY02007,2207,1579,75.3,12.9,,,75,7,95,W,,N,W
1193,NY01066,2208,1869,73.9,13.3,,,82,3,100,R,,N,W
1069,09068-5-19,2209,1801,77,13.1,,,100,6,100,R,,N,W
461,Z03-0496,2210,2339,74,12.8,,,80,31,100,R,10%Br,N,"W,Br"
SPN PLOT#: 172,OH12-127-46,2211,1748,74.5,11.5,,,92,2,100,R,10%A,"N,A",W
1245,NY04006,2212,1805,72.6,12.7,,,85,5,95,R,,N,W
444,OH05-248-38,2213,2303,74.6,12.8,,,77,31,100,R,,N,Br
872,NY07073,2214,2037,74.3,12.2,,,82,1,100,W,A/N,A/N,W
1194,NY01067,2215,1615,73.4,12.6,,,80,6,100,R,,N,W
SPN PLOT#: 165,OH12-114-5,2216,1876,72.8,12.5,,,85,1,100,R,,A,W
1307,NY10127-10-36-1307,2217,2032,75.4,12.9,,,87,5,100,W,W/Br,N,W/Br
1054,VA09W-192WS,2218,1830,74.6,12.2,,,80,6,85,W,"20% A,T,G","N,A",W
833,NY05158,2219,2033,75,12.7,,,70,2,100,W,,N,Br
1274,NY10102-1-08-1274,2220,2200,74.3,12.7,,,90,3,100,S,,N,W
813,NY02008,2221,2401,74.3,12.7,,,97,7,100,W,,N,W
SPN PLOT#: 60,OH12-67-50,2222,2358,73.7,12.8,,,95,1,100,R,,N,W
918,NY09091-83,2223,2098,75.5,12.5,,,90,3,100,W,,N,W
405,NY07014,2224,2132,74.2,12.7,,,97,6,100,W,,N,Br
610,SE00 10303-35,2225,2393,75.1,12.9,,,90,2,100,W,,N,W
1283,NY10102-1-50-1283,2226,2107,75.1,13,,,95,3,100,S,,N,W
825,NY05152,2227,1661,75.7,13.4,,,80,2,100,R,Bl/G,N,W
SPN PLOT#: 808,OH12-297-15,2228,1517,73.6,12.9,,,87,2,100,R,Ht,N,W
1220,NY04098,2229,1894,72.9,12.7,,,95,6,95,W,,N,W
488,FS 801,2230,2279,76,13,,,87,2,95,R,,A,W
862,NY05158,2231,2204,75.9,13.1,,,85,3,100,M,,N,Br
MSU20,MSU Line F2026,2232,1910,76,12.5,,,93,2,100,W,,A,W
MSU2,MSU Line F1014,2233,2280,75.1,13.1,,,78,4,95,W,,N,W
1279,NY10102-1-24-1279,2234,1974,75.1,12.4,,,90,3,95,W,,N,W
SPN PLOT#: 358,OH12-185-48,2235,2076,75.1,12.8,,,87,1,100,R,"T/S,10%Br",N,"W,Br"
631,MH06*2820,2236,2051,74.3,13.1,,,83,2,100,R,,A,W
893,NY07101,2237,1812,75.5,12.9,,,90,1,100,M,"T/S, Bl/G,10%A","N,A",W
SPN PLOT#: 784,OH12-319-20,2238,1912,71.2,12.3,,,82,2,100,R,,N,W
