Source,Entry,PLOT,PlotYield,YieldCor,adj1,test,adj,TW,Moisture,HD,Lodging,Sprout1,Sprout2,Sprout3,Sprout4,Sprout5,SproutMn,AdjPHS,unk,Harvest,Comments
1,American Banner,1286,1385,1361,3602,6270,2549,74.9,13.7,2,4,0,2,0,0,3,1,0.98,,13-Jul,
2,DawsonGoldenChaff,1446,1164,1131,2994,5829,2381,72.4,14.8,5,4,0,5,0,0,0,1,0.98,,13-Jul,
3,Fulcaster4862,1374,828,817,2162,4704,2675,74.2,13.3,3,4,0,0,0,0,0,0,-0.02,,13-Jul,
4,Genesee Giant,1388,972,940,2487,4942,2761,73.1,15.3,1,4,4,3,5,5,1,3.6,3.58,,13-Jul,
5,Goldcoin,1172,1273,1259,3331,5460,3088,75.1,13.1,30,4,2,0,2,0,0,0.8,0.78,,13-Jul,
6,Golden,1173,1045,1030,2726,5430,2512,70.4,13.4,4,4,0,1,2,1,3,1.4,1.38,,13-Jul,
7,Grandprize,1341,1367,1323,3501,5605,3112,73.9,15.2,3,3,0,3,5,1,3,2.4,2.38,,13-Jul,
8,Jones Fife,1394,680,660,1747,4002,2962,67.3,14.9,3,4,0,0,0,1,0,0.2,0.18,,13-Jul,
9,Longberry#1,1248,1341,1290,3413,6027,2603,73.4,15.8,2,4,0,4,4,0,0,1.6,1.58,,13-Jul,
10,Martin,1079,751,737,1951,5343,1824,74.9,13.8,2,4,0,0,0,0,0,0,-0.02,,13-Jul,
11,Pride of Genesee,1093,809,791,2094,5447,1863,76.3,14.2,6,4,2,0,1,0,0,0.6,0.85,,15-Jul,
12,Rural New Yorker,1298,1045,1004,2657,5622,2251,74.6,15.9,5,4,0,0,0,0,0,0,-0.02,,13-Jul,
13,Vermont Winter Reeds,1190,1260,1231,3257,5317,3157,72.5,14.3,6,4,0,3,3,0,1,1.4,1.38,,13-Jul,
14,NY 6432-10,1230,1920,1864,4933,5844,4306,73,14.9,4,1,2,0,0,1,0,0.6,0.58,,13-Jul,
15,NY 6432-18,1340,1981,1929,5105,5503,4818,74.6,14.6,1,1,3,3,4,5,0,3,2.98,,13-Jul,
16,Stephens,1234,2219,2155,5701,5404,5514,74.7,14.9,29,0,0,0,0,0,1,0.2,0.18,,13-Jul,
17,U1254-4-9-5,1358,1752,1720,4552,5207,4562,77.5,13.8,28,2,1,0,0,5,0,1.2,1.18,,13-Jul,
18,U1266-4-11-6,1061,1737,1673,4426,5590,4052,74,15.7,29,1,0,0,0,0,0,0,-0.02,,13-Jul,
19,U1273-5-18-8,1414,,,0,,,,,29,4,0,0,0,0,0,0,-0.02,1.74,13-Jul,
20,Honor,1006,430,427,1130,3293,3053,66.9,12.7,5,4,0,0,0,3,1,0.8,1.05,,15-Jul,
21,Forward,1355,1447,1431,3787,5026,3977,74.7,13.1,4,4,0,0,1,0,0,0.2,0.18,,13-Jul,
22,Cornell595,1378,1154,1148,3038,5014,3240,73.6,12.5,4,4,0,1,2,0,0,0.6,0.58,,13-Jul,
23,Yorkwin,1131,807,799,2114,4531,2799,71.4,13,6,4,1,0,0,0,0,0.2,0.18,,13-Jul,
24,Valprize,1074,1163,1121,2967,5888,2295,74.6,15.6,5,3,1,0,0,0,0,0.2,0.18,,13-Jul,
25,Genesee,1210,1748,1671,4422,5624,4014,70.1,16.4,2,3,3,4,6,5,0,3.6,3.58,,13-Jul,
26,Avon,1351,603,586,1551,5742,1025,66.5,14.8,4,4,1,5,3,0,0,1.8,1.78,,13-Jul,
27,Arrow,1148,1232,1222,3234,5475,2975,71.8,12.8,1,4,0,2,0,1,4,1.4,1.38,,13-Jul,
28,Yorkstar,1420,1627,1609,4258,5006,4468,73.4,13.1,3,4,1,3,5,2,0,2.2,2.18,,13-Jul,
29,Ticonderoga,1241,1709,1677,4436,5564,4088,75.5,13.9,3,2,5,4,4,0,-,3.25,3.23,,13-Jul,
30,Susquehanna,1209,1722,1634,4324,5614,3926,73.4,17.1,2,2,0,0,1,0,0,0.2,0.18,,13-Jul,
31,Houser,1105,1860,1830,4843,5190,4869,71.9,13.6,2,0,1,4,0,3,2,2,1.98,,13-Jul,
32,Purcell,1035,1576,1559,4124,3422,5918,72.4,13.1,1,0,1,1,5,4,4,3,2.98,,13-Jul,
33,Geneva,1134,1640,1607,4253,4344,5125,74.9,14,30,3,0,2,2,1,1,1.2,1.18,,13-Jul,
34,Richland,1034,1513,1501,3971,3957,5231,76.2,12.8,31,2,0,3,1,4,3,2.2,2.18,,13-Jul,
35,Caledonia,1402,2405,2371,6275,5025,6466,74.4,13.4,1,0,0,3,2,2,6,2.6,2.58,,13-Jul,
36,Batavia,1084,2051,2010,5318,5360,5174,72.2,14,4,0,2,2,3,1,3,2.2,2.18,,13-Jul,
37,Cayuga,1434,1303,1252,3313,4036,4494,74.8,15.9,31,3,2,0,3,1,0,1.2,1.18,,13-Jul,
38,94032,1244,2355,2329,6163,5372,6007,78.1,13.1,31,0,0,0,1,0,2,0.6,0.58,,13-Jul,
39,W105-34,1436,431,414,1095,3992,2319,72.9,16,31,4,1,5,5,5,0,3.2,3.18,,13-Jul,
40,93237SP,1370,2025,1974,5224,4404,6036,74.4,14.5,2,3,0,0,0,0,3,0.6,0.58,,13-Jul,
41,94025,1055,1761,1731,4580,5058,4738,75.6,13.7,3,0,1,3,1,1,2,1.6,1.58,,13-Jul,
42,W105-17,1028,1735,1648,4361,5787,3790,76.4,17,3,2,0,1,0,1,0,0.4,0.38,,13-Jul,
43,W105-93,1312,2068,2025,5357,6023,4551,77,14.1,3,3,1,1,2,1,0,1,0.98,,13-Jul,
44,W105-82,1111,2402,2304,6095,5797,5514,75.5,16.1,30,0,3,3,4,0,1,2.2,2.18,,13-Jul,
45,94081,1078,1932,1866,4938,4670,5484,75.2,15.4,1,0,0,1,0,0,1,0.4,0.38,,13-Jul,
46,94032,1214,2421,2341,6195,5523,5888,74.7,15.3,31,0,4,1,5,0,3,2.6,2.58,,13-Jul,
47,94032,1136,1618,1589,4204,4889,4532,74.7,13.8,31,3,0,0,0,0,0,0,-0.02,,13-Jul,
48,93244,1043,1636,1616,4277,3591,5903,74.6,13.2,31,0,0,0,3,1,1,1,0.98,,13-Jul,
49,94024,1115,2418,2297,6078,5975,5319,73.4,17,31,0,0,1,1,0,0,0.4,0.38,,13-Jul,
50,94052,1431,2283,2226,5890,4615,6491,76.8,14.5,30,0,3,2,3,1,1,2,1.98,,13-Jul,
51,W105-151,1325,1786,1732,4584,4952,4849,74.1,15,2,3,1,0,0,0,1,0.4,0.38,,13-Jul,
52,93301,1204,2445,2342,6198,5774,5640,73.6,16.2,31,0,4,4,0,4,3,3,2.98,,13-Jul,
53,93237SP,1004,856,847,2242,3235,4224,76.5,13,30,0,0,0,1,0,0,0.2,0.18,,13-Jul,
54,W105-156,1382,2162,2119,5606,5569,5254,76.4,14,3,0,0,0,2,0,4,1.2,1.18,,13-Jul,
55,94025,1443,2339,2248,5948,4849,6314,77.4,15.9,1,0,5,1,4,4,2,3.2,3.18,,13-Jul,
56,W105-78,1294,2217,2126,5626,5248,5594,75.6,16.1,1,1,0,0,0,2,0,0.4,0.38,,13-Jul,
57,SUPERIOR,1448,2522,2477,6553,5336,6434,75.2,13.8,1,2,0,2,0,1,4,1.4,1.38,,13-Jul,
58,94046,1141,2194,2126,5625,5615,5227,76,15.1,3,0,0,1,0,0,1,0.4,0.38,,13-Jul,
59,W105-71,1124,1892,1818,4811,5056,4971,74.1,15.9,3,3,0,2,1,1,1,1,0.98,,13-Jul,
60,W105-149,1069,1879,1789,4733,6014,3935,74.5,16.8,31,2,1,4,0,1,2,1.6,1.58,,13-Jul,
61,W105-84,1108,2156,2068,5471,5493,5194,75.7,16.1,1,0,3,3,2,0,0,1.6,1.58,,13-Jul,
62,W105-63,1090,1579,1543,4082,5201,4097,76.8,14.3,1,2,0,0,0,2,1,0.6,0.58,,13-Jul,
63,94025,1251,2254,2162,5720,5257,5679,76.7,16.1,31,0,4,0,0,0,2,1.2,1.18,,13-Jul,
64,W105-129,1376,1823,1787,4727,4594,5349,77.1,14,3,3,0,4,0,3,0,1.4,1.38,,13-Jul,
65,94052,1208,2289,2188,5790,5560,5446,72.1,16.4,31,2,3,2,1,0,0,1.2,1.18,,13-Jul,
66,94025,1121,2229,2151,5692,5237,5671,77.1,15.5,29,2,2,2,1,1,0,1.2,1.18,,13-Jul,
67,W105-137,1042,1685,1645,4352,3430,6138,77,14.4,31,0,1,0,0,2,0,0.6,0.58,,13-Jul,
68,94032,1201,2145,2072,5483,6039,4660,71.9,15.4,30,0,2,0,1,3,1,1.4,1.38,,13-Jul,
69,W105-30,1349,2348,2249,5952,5286,5882,75.5,16.2,1,1,2,2,1,1,1,1.4,1.38,,13-Jul,
70,94025,1017,2018,1931,5110,5881,4445,73.7,16.3,4,0,0,0,3,1,0,0.8,1.05,,15-Jul,
71,W105-57,1178,2235,2177,5760,5351,5625,77.6,14.6,1,0,1,1,4,0,3,1.8,1.78,,13-Jul,
72,93301,1083,2058,2027,5364,4821,5759,74.1,13.5,2,0,4,1,2,3,4,2.8,2.78,,13-Jul,
73,W105-159,1216,2115,2030,5372,5697,4891,72.7,16,2,0,1,4,2,0,0,1.4,1.38,,13-Jul,
74,W105-79,1336,2255,2196,5812,5790,5238,79.1,14.6,31,0,0,0,0,0,1,0.2,0.18,,13-Jul,
75,94025,1161,2184,2081,5507,5609,5115,75.2,16.7,2,0,0,0,0,2,1,0.6,0.58,,13-Jul,
76,W105-116,1309,2325,2281,6035,5872,5380,74.7,13.9,31,0,4,4,4,4,4,4,3.98,,13-Jul,
77,94052,1245,2519,2466,6525,5422,6320,75.3,14.1,28,0,0,2,0,1,0,0.6,0.58,,13-Jul,
78,94025,1411,2419,2356,6234,5245,6205,76.9,14.6,3,2,0,1,2,1,0,0.8,0.78,,13-Jul,
79,94052,1291,2362,2282,6037,5738,5516,74.8,15.4,1,0,4,4,4,3,4,3.8,3.78,,13-Jul,
80,94032,1250,2102,2024,5356,5612,4960,73.9,15.7,2,4,1,1,3,0,4,1.8,1.78,,13-Jul,
81,93308,1073,2436,2343,6201,5458,5959,74.5,15.8,30,0,3,3,4,3,2,3,2.98,,13-Jul,
82,94052,1182,2416,2271,6009,5318,5908,60.9,18,3,0,1,3,1,3,0,1.6,1.58,,13-Jul,
83,93306,1127,1950,1921,5082,4177,6122,74,13.5,31,1,5,4,1,4,4,3.6,3.58,,13-Jul,
84,94052,1168,2188,2144,5674,5439,5450,75.4,14,30,0,0,1,1,3,1,1.2,1.18,,13-Jul,
85,93246SP,1057,2012,1978,5233,4932,5518,72.8,13.7,31,0,2,2,2,1,1,1.6,1.58,,13-Jul,
86,W105-97,1398,1979,1928,5100,4371,5946,76.2,14.6,31,2,5,3,0,1,2,2.2,2.18,,13-Jul,
87,W105-40,1275,1990,1940,5134,5889,4461,75.6,14.5,3,3,0,0,2,1,2,1,0.98,,13-Jul,
88,W105-136,1129,1355,1333,3528,4462,4282,75.7,13.6,2,3,0,1,0,1,1,0.6,0.58,,13-Jul,
89,94025,1023,2326,2200,5822,6100,4938,72.5,17.4,30,0,3,3,4,4,4,3.6,3.58,,13-Jul,
90,94025,1222,2166,2127,5628,5486,5358,75.4,13.8,30,0,1,2,0,0,1,0.8,0.78,,13-Jul,
91,94025,1344,2094,2000,5291,5407,5101,74.8,16.5,31,0,0,0,0,0,0,0,-0.02,,13-Jul,
92,W105-108,1412,2027,1970,5213,5533,4897,74.6,14.8,4,2,0,0,3,0,1,0.8,0.78,,13-Jul,
93,94042,1058,2236,2200,5822,4968,6070,75.2,13.6,2,0,1,1,1,3,3,1.8,1.78,,13-Jul,
94,W105-146,1170,2371,2288,6054,5172,6098,75.7,15.5,30,0,1,1,1,0,0,0.6,0.58,,13-Jul,
95,94052,1014,2052,2013,5326,4889,5654,75.1,13.9,2,0,0,3,1,1,3,1.6,1.58,,13-Jul,
96,W105-54,1356,1915,1894,5011,5438,4789,74.5,13.1,31,1,2,2,1,0,0,1,0.98,,13-Jul,
97,94025,1224,2129,2099,5554,5653,5117,74.1,13.4,31,1,1,0,0,0,3,0.8,0.78,,13-Jul,
98,94052,1305,2173,2086,5520,5833,4903,74.1,16,30,0,3,0,0,2,1,1.2,1.18,,13-Jul,
99,W105-32,1206,2124,2037,5390,5538,5068,73.5,16.1,2,0,4,4,4,4,3,3.8,3.78,,13-Jul,
100,93237SP,1321,2524,2458,6505,5065,6656,76.9,14.6,31,0,3,1,4,1,4,2.6,2.58,,13-Jul,
101,94025,1365,1971,1928,5101,4661,5656,74.5,14.2,3,3,0,0,1,0,0,0.2,0.18,,13-Jul,
102,96049,1092,2234,2178,5763,5069,5910,73.5,14.5,1,1,1,0,1,2,4,1.6,1.58,,13-Jul,
103,96009,1087,2216,2176,5758,5255,5720,74.9,13.8,30,0,0,4,4,4,4,3.2,3.18,,13-Jul,
104,94046,1060,1989,1967,5205,5377,5044,74.1,13.1,1,0,2,4,5,4,5,4,3.98,,13-Jul,
105,94025,1220,2312,2287,6050,5484,5782,74.3,13.1,29,0,2,0,0,0,0,0.4,0.38,,13-Jul,
106,94052,1415,2036,1967,5204,5472,4948,71.9,15.4,4,2,0,0,1,1,1,0.6,0.85,,15-Jul,
107,96067,1159,2221,2123,5618,5919,4916,71.6,16.4,29,0,1,2,4,4,5,3.2,3.18,,13-Jul,
108,94035,1103,1884,1865,4935,5092,5060,72.8,13,1,1,3,4,1,5,3,3.2,3.18,,13-Jul,
109,96002,1085,1896,1862,4927,5712,4431,71,13.8,4,0,2,0,3,2,0,1.4,1.38,,13-Jul,
110,94046,1435,173,168,444,4307,1354,0,14.9,30,4,4,2,3,4,4,3.4,3.38,,13-Jul,
111,94052,1253,2378,2281,6034,5576,5674,73.6,16.1,30,2,3,2,0,0,0,1,0.98,,13-Jul,
112,94061,1347,2527,2411,6379,5190,6405,73.9,16.6,1,1,2,3,2,2,2,2.2,2.18,,13-Jul,
113,96052,1117,2179,2077,5495,5897,4814,74.2,16.7,31,1,0,3,1,3,1,1.6,1.58,,13-Jul,
114,94024,1063,2204,2133,5645,5551,5310,74.6,15.2,30,0,3,4,4,4,4,3.8,3.78,,13-Jul,
115,96017,1352,2181,2126,5627,5062,5781,74.2,14.5,1,0,2,0,2,2,1,1.4,1.38,,13-Jul,
116,94025,1280,2212,2157,5707,6418,4505,74.5,14.5,2,0,3,3,1,1,3,2.2,2.18,,13-Jul,
117,94063,1299,2340,2244,5938,5223,5931,72.2,16.1,1,0,1,0,1,3,3,1.6,1.58,,13-Jul,
118,94058,1213,2021,1950,5160,5443,4934,73.1,15.5,2,1,5,1,5,3,5,3.8,3.78,,13-Jul,
119,94052,1174,2101,2057,5443,5007,5652,73.3,14.1,3,0,0,1,0,2,1,0.8,0.78,,13-Jul,
120,94052,1229,2175,2125,5623,5686,5153,77,14.3,4,2,1,2,2,2,0,1.4,1.38,,13-Jul,
121,94025,1239,2428,2389,6322,5175,6363,74.1,13.6,30,0,1,5,0,0,0,1.2,1.18,,13-Jul,
122,96056,1292,2082,2005,5305,5946,4576,71.6,15.7,1,0,1,4,2,0,3,2,1.98,,13-Jul,
123,96157,1026,2399,2305,6100,5817,5499,71.7,15.9,29,0,3,4,4,4,0,3,2.98,,13-Jul,
124,94058,1207,2229,2109,5579,5573,5222,74.4,17.4,31,0,4,0,5,5,6,4,3.98,,13-Jul,
125,94081,1439,2243,2147,5680,3326,7570,72.2,16.3,2,2,5,5,4,6,6,5.2,5.18,,13-Jul,
126,96153,1459,2463,2411,6380,5662,5935,76.4,14.1,30,0,0,0,0,0,0,0,-0.02,,13-Jul,
127,94052,1451,2351,2313,6121,5440,5898,73.6,13.6,31,0,0,0,4,0,0,0.8,0.78,,13-Jul,
128,96147,1123,1195,1148,3039,5530,2725,75.6,15.9,30,0,1,2,2,0,0,1,0.98,,13-Jul,
129,96067,1203,2391,2300,6086,5862,5441,74.4,15.8,4,0,0,1,4,3,2,2,1.98,,13-Jul,
130,94052,1447,,,0,,,75.9,14.2,2,1,2,2,0,3,0,1.4,1.38,,13-Jul,
131,96056,1269,2211,2178,5763,5791,5188,74.3,13.5,31,0,1,2,4,3,2,2.4,2.38,,13-Jul,
132,96033,1109,2203,2161,5718,5521,5414,73.5,13.9,30,0,5,2,0,4,5,3.2,3.18,,13-Jul,
133,94052,1196,2503,2468,6530,5705,6041,75.1,13.4,29,0,0,0,0,1,4,1,0.98,,13-Jul,
134,96056,1015,2353,2261,5983,5049,6150,74,15.9,30,0,4,4,3,3,1,3,2.98,,13-Jul,
135,94058,1359,1771,1744,4616,5099,4733,73.4,13.5,3,3,4,0,2,0,0,1.2,1.18,,13-Jul,
136,94025,1098,2586,2539,6719,5449,6487,76.7,13.8,31,0,1,0,1,0,0,0.4,0.38,,13-Jul,
137,94042,1354,2517,2431,6434,4811,6839,76.1,15.4,1,0,4,1,1,1,2,1.8,1.78,,13-Jul,
138,96049,1300,2499,2377,6288,5196,6309,73.9,16.9,31,0,1,2,4,4,3,2.8,2.78,,13-Jul,
139,94081,1320,2147,2087,5522,5254,5484,73,14.8,3,0,4,4,4,0,4,3.2,3.18,,13-Jul,
140,96008,1272,2170,2120,5610,5819,5007,74.4,14.3,30,0,4,0,4,3,4,3,2.98,,13-Jul,
141,94052,1315,2411,2377,6290,5734,5772,74.7,13.4,31,0,2,3,3,4,3,3,2.98,,13-Jul,
142,94052,1133,1504,1483,3924,4295,4845,71.1,13.4,3,4,3,0,2,5,5,3,3.25,,15-Jul,
143,96009,1263,2412,2328,6159,5986,5389,74,15.5,1,0,0,5,4,1,0,2,1.98,,13-Jul,
144,96052,1198,1971,1953,5168,6045,4339,72.2,12.9,2,0,1,4,1,1,0,1.4,1.38,,13-Jul,
145,94052,1249,2430,2343,6198,5663,5752,75.2,15.6,2,0,1,2,1,3,1,1.6,1.58,,13-Jul,
146,96153,1176,2238,2204,5833,4695,6354,75.2,13.5,29,0,1,1,0,1,0,0.6,0.58,,13-Jul,
147,94058,1390,2118,2027,5363,3707,6873,73.1,16.3,31,0,0,6,0,5,4,3,2.98,,13-Jul,
148,96063,1200,2336,2252,5959,6044,5131,73.7,15.6,2,0,4,4,5,4,4,4.2,4.18,,13-Jul,
149,94058,1457,2463,2392,6328,5668,5876,75.2,14.9,3,0,1,5,0,0,2,1.6,1.58,,13-Jul,
150,94046,1030,2527,2434,6439,5168,6487,74.1,15.7,31,0,2,3,3,3,5,3.2,3.18,,13-Jul,
151,94052,1104,1975,1949,5158,5136,5238,74.2,13.3,2,1,0,1,0,0,0,0.2,0.18,,13-Jul,
152,94064,1097,2129,2106,5571,5254,5534,73.4,13.1,3,0,2,1,1,2,0,1.2,1.45,,15-Jul,
153,94077,1157,2514,2386,6313,5949,5580,72.2,17.1,4,0,1,2,4,4,1,2.4,2.38,,13-Jul,
154,94042,1008,1871,1849,4891,3270,6838,73.4,13.2,31,0,2,3,4,3,5,3.4,3.38,,13-Jul,
155,94025,1219,2031,2007,5310,5505,5021,74.8,13.2,31,0,1,0,1,0,1,0.6,0.58,,13-Jul,
156,96011,1024,2349,2217,5867,5850,5233,70.7,17.6,4,0,4,1,3,4,2,2.8,2.78,,13-Jul,
157,94052,1169,2519,2431,6432,5176,6472,76.6,15.5,29,0,0,0,1,1,0,0.4,0.38,,13-Jul,
158,96150,1067,2202,2103,5564,5786,4995,71.2,16.5,31,0,4,4,4,2,4,3.6,3.58,,13-Jul,
159,96047,1318,2424,2383,6305,5902,5619,74.1,13.7,1,0,3,2,3,3,1,2.4,2.38,,13-Jul,
160,96052,1329,2261,2214,5857,5096,5977,75,14.1,2,0,0,0,0,0,0,0,-0.02,,13-Jul,
161,94024,1125,1970,1952,5166,4718,5664,73.1,12.9,31,0,4,4,4,5,4,4.2,4.18,,13-Jul,
162,96018,1029,2193,2110,5582,5507,5291,74.5,15.8,31,0,1,4,1,0,2,1.6,1.58,,13-Jul,
163,96052,1050,2116,2082,5509,4361,6364,73.1,13.6,3,0,2,1,0,1,2,1.2,1.18,,13-Jul,
164,94052,1147,2019,1993,5273,5343,5146,73.3,13.3,1,1,4,3,3,1,1,2.4,2.38,,13-Jul,
165,94042,1454,2402,2364,6254,5741,5729,73.4,13.6,31,1,0,3,1,4,1,1.8,1.78,,13-Jul,
166,94052,1279,2373,2307,6103,6163,5156,74.4,14.8,31,0,3,0,3,4,-,2.5,2.48,,13-Jul,
167,96153,1256,2588,2472,6540,5571,6185,71.2,16.5,29,0,6,3,3,3,5,4,3.98,,13-Jul,
168,94058,1375,1897,1876,4964,4470,5711,73.4,13.1,31,2,3,4,0,4,0,2.2,2.18,,13-Jul,
169,96030,1400,2460,2381,6301,4870,6647,75.8,15.2,31,0,6,4,5,4,5,4.8,4.78,,13-Jul,
170,94042,1162,2144,2052,5429,5519,5126,68.3,16.3,31,0,3,3,2,4,4,3.2,3.18,,13-Jul,
171,96153,1353,2458,2379,6296,5003,6509,75.4,15.2,30,0,1,0,4,1,1,1.4,1.38,,13-Jul,
172,94052,1010,1678,1655,4378,3922,5672,74,13.4,31,0,4,0,3,4,3,2.8,2.78,,13-Jul,
173,96052,1295,2066,1977,5232,5242,5206,74.1,16.3,31,0,4,1,3,1,2,2.2,2.18,,13-Jul,
174,94046,1114,2402,2289,6057,5837,5436,73,16.7,29,0,1,2,4,4,0,2.2,2.18,,13-Jul,
175,94052,1416,2138,2080,5504,5243,5478,74.1,14.7,4,1,0,0,1,0,0,0.2,0.18,,13-Jul,
176,94046,1322,2539,2476,6550,4930,6837,74.3,14.5,31,0,2,4,3,1,4,2.8,2.78,,13-Jul,
177,94081,1267,2164,2142,5669,5854,5031,74.5,13,1,1,4,5,5,4,3,4.2,4.18,,13-Jul,
178,94081,1180,1881,1838,4863,5494,4585,75.3,14.3,31,3,0,0,0,0,3,0.6,0.58,,13-Jul,
179,94064,1106,1811,1778,4706,5208,4714,73.9,13.8,29,0,5,4,5,4,4,4.4,4.38,,13-Jul,
180,94070,1197,2525,2500,6614,5690,6141,73.2,13,2,0,1,4,0,1,4,2,1.98,,13-Jul,
181,94070,1016,2450,2337,6184,5591,5810,71.7,16.6,5,0,4,3,2,4,0,2.6,2.85,,15-Jul,
182,96155,1345,1977,1898,5022,5546,4692,72.5,16,31,0,5,2,1,0,2,2,1.98,,13-Jul,
183,94025,1306,2272,2202,5825,5854,5188,74.4,15.1,28,0,1,4,3,0,0,1.6,1.58,,13-Jul,
184,94025,1009,1873,1843,4877,3619,6473,76.5,13.6,31,0,1,3,1,1,3,1.8,1.78,,13-Jul,
185,96049,1236,2276,2221,5878,5530,5564,78.5,14.4,2,0,3,1,2,1,1,1.6,1.58,,13-Jul,
186,96018,1282,2508,2443,6464,6011,5669,76.7,14.6,31,0,1,0,1,0,3,1,0.98,,13-Jul,
187,96153,1371,2142,2097,5549,4399,6365,73.6,14.1,1,3,0,0,0,0,1,0.2,0.18,,13-Jul,
188,96056,1426,2365,2334,6176,5195,6198,76.2,13.3,3,0,1,2,2,1,1,1.4,1.38,,13-Jul,
189,96001,1059,1891,1855,4909,5262,4863,72.3,13.9,1,1,4,5,5,4,1,3.8,3.78,,13-Jul,
190,94024,1391,2323,2205,5833,3217,7832,73.7,17.1,3,3,1,1,0,2,0,0.8,0.78,,13-Jul,
191,94070,1088,2412,2352,6223,5246,6192,72.1,14.5,3,0,3,4,5,2,5,3.8,4.05,,15-Jul,
192,94070,1100,2155,2118,5605,5410,5411,74,13.7,3,2,4,4,4,3,1,3.2,3.18,,13-Jul,
193,94077,1119,2495,2400,6351,5422,6145,72.6,15.8,2,0,4,4,4,4,5,4.2,4.18,,13-Jul,
194,94032,1020,2434,2351,6221,5966,5471,73,15.4,1,0,2,0,3,1,0,1.2,1.18,,13-Jul,
195,94063,1326,1859,1818,4811,4836,5191,76.5,14.2,30,3,1,2,2,1,0,1.2,1.18,,13-Jul,
196,96047,1110,2041,1974,5222,5734,4704,74.8,15.3,31,0,0,1,1,2,1,1,0.98,,13-Jul,
197,96004,1424,2168,2142,5668,4949,5935,75,13.2,30,2,4,1,1,1,2,1.8,1.78,,13-Jul,
198,94032,1372,2078,2016,5333,4415,6134,75,15,1,2,0,0,0,1,1,0.4,0.38,,13-Jul,
199,96152,1062,2229,2155,5703,5576,5344,73,15.3,2,0,3,4,4,1,1,2.6,2.58,,13-Jul,
200,94025,1099,1871,1849,4891,5589,4519,75.5,13.2,30,3,2,1,0,0,0,0.6,0.58,,13-Jul,
201,94052,1432,2427,2323,6146,3904,7457,74.8,16.3,29,0,3,2,0,0,2,1.4,1.38,,13-Jul,
202,96152,1442,2205,2139,5659,4698,6177,75.7,15,30,0,3,2,1,2,1,1.8,1.78,,13-Jul,
203,94032,1094,2175,2134,5646,5077,5785,72.3,13.9,31,0,4,4,0,0,1,1.8,1.78,,13-Jul,
204,96002,1202,2284,2227,5892,5835,5274,76.1,14.5,31,0,0,0,0,4,3,1.4,1.38,,13-Jul,
205,94077,1018,2410,2328,6160,5926,5450,74.5,15.4,29,0,4,4,4,3,4,3.8,3.78,,13-Jul,
206,96056,1027,2445,2345,6204,5715,5706,72.8,16.1,2,0,4,0,4,4,4,3.2,3.18,,13-Jul,
207,94052,1053,1842,1824,4825,4872,5170,73.8,13,2,2,1,0,2,1,2,1.2,1.18,,13-Jul,
208,96148,1012,1779,1733,4585,4794,5008,74.2,14.6,2,0,5,6,5,5,0,4.2,4.45,,15-Jul,
209,96002,1007,1486,1459,3861,3035,6042,73.9,13.8,1,0,1,2,3,3,2,2.2,2.18,,13-Jul,
210,94042,1343,2468,2377,6289,5260,6245,73,15.7,29,1,1,3,5,3,1,2.6,2.58,,13-Jul,
211,99060,1330,2231,2195,5809,5343,5682,75.2,13.6,29,0,0,1,3,0,1,1,0.98,,13-Jul,
212,96193,1193,1738,1698,4493,5511,4198,76.8,14.3,3,3,0,1,0,0,0,0.2,0.18,,13-Jul,
213,99060,1419,1774,1735,4591,4907,4900,75.5,14.2,30,3,4,2,2,0,5,2.6,2.58,,13-Jul,
214,97067,1274,2244,2186,5783,5855,5145,75.5,14.6,4,0,0,4,5,3,3,3,2.98,,13-Jul,
215,99048,1408,1912,1881,4978,5297,4898,74,13.6,4,3,0,0,3,0,0,0.6,0.85,,15-Jul,
216,99060,1225,1988,1938,5129,5653,4692,76.4,14.5,4,0,0,0,2,0,0,0.4,0.38,,13-Jul,
217,99048,1271,2152,2111,5586,5764,5038,77.1,13.9,4,0,4,0,2,3,4,2.6,2.58,,13-Jul,
218,99045,1308,2544,2455,6496,5750,5962,73.8,15.5,31,0,0,3,4,3,1,2.2,2.18,,13-Jul,
219,96043,1290,2453,2411,6380,5492,6105,75.7,13.7,1,0,1,3,1,0,4,1.8,1.78,,13-Jul,
220,99043,1082,2212,2168,5736,4672,6280,73.8,14,3,1,2,1,4,5,1,2.6,2.85,,15-Jul,
221,99019,1383,1903,1829,4839,5810,4245,74.3,15.9,1,0,0,1,0,1,4,1.2,1.18,,13-Jul,
222,99025,1192,2128,2088,5524,5248,5492,72.9,13.9,30,1,0,0,3,0,2,1,0.98,,13-Jul,
223,99068,1233,1965,1912,5059,5694,4581,74.2,14.7,3,3,0,0,0,0,0,0,-0.02,,13-Jul,
224,99021,1221,1870,1848,4889,5599,4506,74.9,13.2,3,0,0,0,0,1,0,0.2,0.18,,13-Jul,
225,99068,1152,1955,1926,5095,5357,4955,74.1,13.5,30,0,1,1,0,0,2,0.8,0.78,,13-Jul,
226,96016,1047,1730,1675,4431,3980,5667,73.2,15.2,2,0,0,3,4,2,2,2.2,2.45,,15-Jul,
227,99045,1045,1108,1069,2829,3838,4207,72.1,15.5,1,3,0,0,1,1,0,0.4,0.38,,13-Jul,
228,99059,1260,2410,2314,6122,6086,5252,73.4,16,30,0,4,4,4,4,4,4,3.98,,13-Jul,
229,99029,1171,2282,2259,5978,5184,6010,76.4,13,30,1,1,3,0,4,1,1.8,1.78,,13-Jul,
230,99068,1128,1659,1637,4333,4472,5077,72.6,13.3,2,4,3,0,1,0,0,0.8,0.78,,13-Jul,
231,99059,1368,1798,1722,4558,4836,4938,72.4,16.2,3,4,2,0,1,0,0,0.6,0.85,,15-Jul,
232,97089,1418,2124,2069,5474,4913,5777,74.6,14.6,2,1,4,4,0,3,3,2.8,2.78,,13-Jul,
233,96030,1154,2370,2289,6058,5962,5312,73.6,15.4,31,1,4,4,3,1,2,2.8,2.78,,13-Jul,
234,99012,1052,1767,1746,4619,4750,5086,73.3,13.2,2,2,1,4,0,3,0,1.6,1.58,,13-Jul,
235,99021,1070,2501,2386,6313,5387,6142,74,16.6,30,0,0,4,4,4,4,3.2,3.18,,13-Jul,
236,99013,1265,2039,2008,5314,5962,4568,76.2,13.5,30,0,2,2,3,2,5,2.8,2.78,,13-Jul,
237,99013,1287,2015,1993,5273,6007,4482,76.6,13.1,30,4,5,3,2,4,4,3.6,3.58,,13-Jul,
238,97067,1262,2413,2324,6149,5956,5409,74.4,15.7,30,0,3,1,5,4,1,2.8,2.78,,13-Jul,
239,97072,1002,390,382,1011,3388,2839,74.7,14,6,1,0,0,1,0,0,0.2,0.18,,13-Jul,
240,96023,1328,2151,2104,5566,4769,6013,76.2,14.2,4,0,2,2,3,0,1,1.6,1.85,,15-Jul,
241,99027,1211,2499,2404,6361,5330,6247,72.9,15.8,28,0,0,0,0,1,2,0.6,0.58,,13-Jul,
242,99012,1310,2331,2298,6081,5964,5334,75.2,13.4,30,0,5,5,5,5,5,5,4.98,,13-Jul,
243,96043,1385,2430,2362,6250,5005,6461,75.1,14.8,2,0,0,4,4,2,4,2.8,2.78,,13-Jul,
244,99012,1381,2237,2217,5866,5325,5757,73.9,12.9,4,2,0,0,2,1,0,0.6,0.58,,13-Jul,
245,99032,1049,1531,1502,3974,4381,4809,72.5,13.9,3,0,3,0,1,2,2,1.6,1.58,,13-Jul,
246,99038,1158,2776,2665,7051,5872,6395,72.5,16,2,0,2,3,4,4,4,3.4,3.38,,13-Jul,
247,96007,1373,1717,1690,4470,4494,5193,73.6,13.6,4,3,1,1,0,0,0,0.4,0.38,,13-Jul,
248,99069,1183,1937,1887,4992,5254,4954,74.7,14.6,3,2,1,0,0,0,0,0.2,0.18,,13-Jul,
249,99059,1281,2691,2637,6978,6231,5963,75.8,14,31,1,1,3,4,2,0,2,1.98,,13-Jul,
250,99038,1283,2757,2699,7142,5852,6506,75.9,14.1,3,0,1,3,3,2,1,2,1.98,,13-Jul,
251,99069,1227,2433,2365,6257,5519,5955,73.6,14.8,3,0,0,0,4,4,0,1.6,1.58,,13-Jul,
252,97083,1288,2361,2328,6160,5667,5709,74.1,13.4,4,0,4,3,3,3,3,3.2,3.18,,13-Jul,
253,99014,1144,2439,2376,6286,5346,6156,75.7,14.6,4,0,0,0,0,2,1,0.6,0.58,,13-Jul,
254,99068,1185,1505,1466,3879,5543,3551,75.1,14.6,1,4,0,2,1,1,2,1.2,1.18,,13-Jul,
255,99019,1072,2460,2359,6242,5339,6119,72.5,16.1,1,0,4,4,4,3,4,3.8,3.78,,13-Jul,
256,99026,1361,1729,1705,4511,5190,4537,74.9,13.4,31,3,1,0,4,2,0,1.4,1.38,,13-Jul,
257,99021,1284,2624,2561,6776,5905,6088,75.6,14.4,2,0,4,3,3,5,2,3.4,3.38,,13-Jul,
258,96030,1393,1405,1349,3569,3755,5031,73.3,16,30,3,2,1,4,0,1,1.6,1.58,,13-Jul,
259,97067,1160,2210,2093,5538,5742,5012,73.3,17.3,1,1,2,0,0,0,3,1,0.98,,13-Jul,
260,99032,1377,1650,1634,4322,4712,4827,74.9,13,3,3,1,3,3,1,0,1.6,1.58,,13-Jul,
261,99062,1396,1770,1701,4501,3548,6169,75.2,15.9,31,3,1,2,1,3,0,1.4,1.38,,13-Jul,
262,Jensen,1195,2276,2246,5944,5667,5493,75.1,13.3,31,0,1,1,0,1,2,1,0.98,,13-Jul,
263,CaledoniaResel-L,1362,1950,1927,5098,4936,5377,73.7,13.2,30,2,3,1,4,2,0,2,1.98,,13-Jul,
264,NY88046-7088,1413,1874,1818,4810,5645,4381,74.2,15,30,2,2,3,0,2,1,1.6,1.58,,13-Jul,
265,NY92039-9065,1231,2208,2131,5638,5762,5092,75,15.5,3,2,5,3,3,1,4,3.2,3.18,,13-Jul,
266,PioneerVar25W41,1445,2357,2279,6031,5053,6194,74.7,15.3,28,0,3,1,5,0,1,2,1.98,,13-Jul,
267,NY93285-9161,1039,888,876,2317,3460,4073,73.4,13.4,2,3,3,3,4,4,3,3.4,3.38,,13-Jul,
268,E0028,1156,2721,2626,6948,5818,6346,74.5,15.5,29,0,3,4,5,2,5,3.8,3.78,,13-Jul,
269,NY93285-7110,1071,2418,2307,6104,5313,6007,70.5,16.6,30,0,4,4,5,5,5,4.6,4.58,,13-Jul,
270,Cal 4PHS-10,1379,2359,2326,6155,4959,6412,74.9,13.4,30,0,1,4,4,4,2,3,2.98,,13-Jul,
271,Cal 4PHS-6,1005,1316,1286,3402,3090,5529,74,14.3,1,0,0,0,1,1,1,0.6,0.58,,13-Jul,
272,NY03179FHB-10,1130,1864,1838,4863,4181,5899,74.4,13.4,29,1,0,0,0,1,0,0.2,0.18,,13-Jul,
273,NY03179FHB-12,1407,1873,1845,4882,5254,4843,72.5,13.5,31,0,2,1,2,0,0,1,1.25,,15-Jul,
274,NY03180FHB-10,1433,2277,2209,5844,3648,7412,73.3,15,30,0,0,0,3,1,3,1.4,1.38,,13-Jul,
275,NY103-208-7263,1137,2018,1941,5137,4894,5459,76.7,15.8,4,1,0,0,0,0,2,0.4,0.65,,15-Jul,
276,NY103-72-7179,1339,2253,2170,5741,5463,5494,75.2,15.7,30,0,1,0,1,2,1,1,0.98,,13-Jul,
277,NYW103-21-9183,1032,1797,1723,4560,4461,5315,77.4,16.1,31,2,1,2,1,2,1,1.4,1.38,,13-Jul,
278,NYW103-70-9232,1331,2021,1987,5257,5511,4961,77.8,13.7,30,2,0,0,0,1,1,0.4,0.38,,13-Jul,
279,NYW103-187-9166,1139,2340,2256,5969,5258,5927,77.6,15.6,2,0,1,0,0,0,0,0.2,0.18,,13-Jul,
280,NYW103-193-9172,1080,1426,1400,3705,5089,3832,77.9,13.8,29,1,1,0,1,0,1,0.6,0.58,,13-Jul,
281,NYW103-226-9195,1437,565,541,1431,3550,3096,73.7,16.3,1,4,2,1,1,0,0,0.8,0.78,,13-Jul,
282,NYW103-57-9222,1151,2169,2132,5642,5079,5779,76.7,13.7,3,1,0,3,0,0,1,0.8,0.78,,13-Jul,
283,NYW103-90-9245,1304,2117,2028,5366,5884,4698,73.2,16.2,2,0,0,4,0,1,1,1.2,1.18,,13-Jul,
284,NYW103-102-9103,1422,1789,1755,4644,5047,4813,76.8,13.9,4,4,0,0,0,0,0,0,-0.02,,13-Jul,
285,NYW103-119-9115,1333,2144,2103,5565,5811,4971,74.9,13.9,31,2,0,0,0,0,0,0,-0.02,,13-Jul,
286,NYW103-168-9149,1257,2272,2186,5783,5764,5236,75.8,15.8,28,2,2,0,1,4,1,1.6,1.58,,13-Jul,
287,Pioneer 25W43,1126,2144,2101,5560,4565,6211,73.7,14,29,0,4,0,2,4,5,3,2.98,,13-Jul,
288,Pioneer 25W36,1186,2523,2465,6522,4967,6771,72.6,14.3,29,1,1,0,1,0,4,1.2,1.18,,13-Jul,
289,W1062,1389,1957,1869,4945,4322,5840,73.7,16.5,31,3,2,3,4,4,4,3.4,3.38,,13-Jul,
290,Ava,1143,2354,2298,6079,5714,5581,74.8,14.4,2,0,0,0,2,0,1,0.6,0.58,,13-Jul,
291,Ashley,1019,2500,2388,6317,5969,5565,73.6,16.5,1,1,1,0,3,0,5,1.8,2.05,,15-Jul,
292,E3003,1348,2350,2237,5920,5165,5971,72.9,16.8,4,0,5,1,0,5,0,2.2,2.18,,13-Jul,
293,E3012,1337,2408,2326,6155,5500,5871,73.9,15.4,31,0,2,1,1,5,4,2.6,2.58,,13-Jul,
294,E1008,1038,1244,1218,3222,3309,5130,74.4,14.1,1,3,4,2,3,3,3,3,2.98,,13-Jul,
295,E1009,1089,2370,2315,6127,4855,6488,75.3,14.3,2,0,0,2,-,1,1,1,0.98,,13-Jul,
296,88044,1453,1997,1955,5173,5943,4446,77.6,14.1,31,1,2,0,1,0,1,0.8,0.78,,13-Jul,
297,88044,1163,1974,1887,4993,5477,4733,74,16.4,2,3,3,0,0,2,0,1,0.98,,13-Jul,
298,88044,1011,642,636,1683,4866,2034,74.8,12.9,1,3,0,0,1,0,2,0.6,0.85,,15-Jul,BD
299,96004,1297,1755,1622,4291,5429,4078,69.9,19.6,6,2,1,0,1,0,4,1.2,1.45,,15-Jul,
300,96009,1360,2331,2296,6075,4984,6308,74.9,13.5,2,0,0,0,1,0,0,0.2,0.18,,13-Jul,
301,96009,1387,1654,1589,4206,5226,4196,73.9,15.9,1,4,3,1,1,4,1,2,1.98,,13-Jul,
302,96009,1153,2088,2004,5304,5716,4804,77.6,16,29,0,0,0,0,0,0,0,-0.02,,13-Jul,
303,96014,1273,2374,2324,6150,5796,5570,73.3,14.1,4,0,4,5,4,0,2,3,2.98,,13-Jul,
304,96020,1456,2449,2380,6299,5672,5843,75.9,14.8,2,0,0,0,1,1,0,0.4,0.38,,13-Jul,
305,96021,1438,2001,1911,5056,3074,7198,75.8,16.5,1,2,2,1,2,2,1,1.6,1.58,,13-Jul,
306,96021,1242,1991,1979,5237,5589,4864,69,12.6,31,0,3,4,2,0,3,2.4,2.38,,13-Jul,
307,96021,1395,1009,972,2571,3730,4057,73.7,15.7,31,4,2,1,0,5,0,1.6,1.58,,13-Jul,
308,96021,1177,1873,1826,4832,5057,4992,74.3,14.5,2,0,0,1,3,2,2,1.6,1.58,,13-Jul,
309,96021,1240,2083,2056,5440,5358,5298,74.7,13.3,2,0,1,1,4,0,3,1.8,1.78,,13-Jul,
310,96021,1335,2156,2119,5608,5834,4990,76.9,13.7,30,1,0,0,3,1,2,1.2,1.18,,13-Jul,
311,96021,1317,2251,2210,5849,5875,5190,78.3,13.8,3,1,4,4,1,1,0,2,1.98,,13-Jul,
312,96021,1040,1997,1955,5173,2890,7500,75.8,14.1,2,0,1,0,2,0,1,0.8,0.78,,13-Jul,
313,96021,1226,2172,2092,5534,5608,5143,71.7,15.7,4,0,0,3,1,1,3,1.6,1.58,,13-Jul,
314,96023,1166,2179,2085,5518,5598,5136,71.8,16.3,3,1,2,3,3,0,1,1.8,1.78,,13-Jul,
315,96025,1212,2428,2341,6193,5325,6084,75.1,15.6,31,1,2,2,4,1,2,2.2,2.18,,13-Jul,
316,96025,1112,2621,2527,6686,5788,6113,74.3,15.6,30,0,0,0,0,0,4,0.8,0.78,,13-Jul,
317,96025,1167,2457,2371,6274,5572,5918,74.2,15.5,30,0,2,2,3,3,1,2.2,2.18,,13-Jul,
318,96028,1314,2417,2383,6306,5857,5665,74.8,13.4,3,0,4,1,3,3,0,2.2,2.18,,13-Jul,
319,96030,1401,2046,2013,5327,5109,5434,75.3,13.6,3,4,1,2,2,0,1,1.2,1.18,,13-Jul,
320,96034,1235,2151,2110,5583,5592,5208,75.5,13.9,2,1,1,1,0,2,2,1.2,1.18,,13-Jul,
321,96034,1406,1733,1700,4498,5307,4407,78.2,13.9,5,4,0,1,3,2,0,1.2,1.18,,13-Jul,
322,96045,1065,2564,2420,6404,5395,6226,74.5,17.6,3,0,4,0,1,0,2,1.4,1.38,,13-Jul,
323,96046,1323,1559,1498,3964,4927,4253,71.7,15.9,5,3,0,0,0,0,2,0.4,0.65,,15-Jul,
324,96053,1025,2332,2201,5825,5776,5265,73.4,17.6,31,0,0,2,0,1,0,0.6,0.58,,13-Jul,
325,96066,1145,2338,2284,6044,5253,6007,74.3,14.3,1,0,1,1,4,2,3,2.2,2.18,,13-Jul,
326,96155,1135,2186,2120,5611,4312,6515,74.4,15,2,0,1,0,2,0,2,1,0.98,,13-Jul,
327,96161,1364,1671,1633,4320,5059,4477,75.9,14.3,2,3,1,0,0,0,2,0.6,0.58,,13-Jul,
328,96161,1460,1772,1733,4586,5886,3916,76.4,14.2,2,3,0,1,0,0,2,0.6,0.58,,13-Jul,
329,96183,1118,2154,2061,5454,5911,4759,76.2,16.3,30,0,0,2,0,0,0,0.4,0.38,,13-Jul,
330,96185,1181,2029,1974,5224,5204,5235,72.1,14.7,4,1,0,0,0,3,3,1.2,1.45,,15-Jul,
331,96185,1142,2262,2208,5842,5615,5442,74.9,14.4,2,1,0,0,0,0,1,0.2,0.18,,13-Jul,
332,96185,1404,1818,1789,4733,5310,4640,73.8,13.6,4,4,1,2,1,1,1,1.2,1.45,,15-Jul,
333,96192,1427,2501,2466,6525,5307,6434,80.6,13.4,30,0,1,2,3,0,4,2,1.98,,13-Jul,
334,96192,1149,1655,1635,4327,5215,4327,75.2,13.2,4,0,3,1,2,2,3,2.2,2.18,,13-Jul,
335,96192,1254,2083,1996,5280,5573,4923,74.4,16.2,3,0,2,4,4,4,4,3.6,3.58,,13-Jul,
336,96192,1243,2039,2008,5314,5842,4689,74.1,13.5,2,0,4,4,4,4,0,3.2,3.18,,13-Jul,
337,96192,1036,243,243,642,3789,2069,61.7,12.2,29,4,0,3,4,2,2,2.2,2.18,,13-Jul,BD
338,96195,1452,2020,1992,5270,5959,4527,74.7,13.4,1,3,3,2,4,0,0,1.8,1.78,,13-Jul,
339,96195,1102,1844,1814,4801,5259,4759,73.5,13.6,1,0,2,0,2,2,5,2.2,2.45,,15-Jul,
340,96195,1046,1323,1290,3413,3980,4649,72.9,14.5,2,3,0,4,1,0,2,1.4,1.38,,13-Jul,
341,96195,1313,2260,2222,5878,5876,5218,75.5,13.7,31,1,4,4,3,0,2,2.6,2.58,,13-Jul,
342,97067,1397,1633,1597,4226,4142,5300,73.7,14.2,31,3,2,0,2,1,2,1.4,1.38,,13-Jul,
343,97067,1191,1942,1915,5067,5018,5265,74.2,13.4,31,0,1,1,0,0,2,0.8,0.78,,13-Jul,
344,97067,1188,2141,2092,5535,5039,5712,72.1,14.3,31,0,1,0,0,1,3,1,0.98,,13-Jul,
345,97068,1429,1752,1696,4487,5868,3836,73,15.2,5,4,5,4,5,4,4,4.4,4.65,,15-Jul,
346,97089,1441,1159,1114,2947,4842,3321,74.3,15.9,31,3,1,0,0,1,3,1,0.98,,13-Jul,
347,99002,1187,1651,1601,4237,5135,4319,76.1,15,31,4,0,0,0,0,0,0,-0.02,,13-Jul,
348,99006,1316,1968,1931,5108,5824,4501,76.3,13.9,31,2,3,0,2,1,2,1.6,1.58,,13-Jul,
349,99008,1255,1618,1547,4093,5827,3482,73.7,16.4,31,2,1,1,1,1,0,0.8,0.78,,13-Jul,
350,99010,1289,2319,2287,6050,5568,5698,75.1,13.4,2,0,1,0,2,0,1,0.8,0.78,,13-Jul,
351,99010,1296,2449,2344,6201,5152,6266,74.5,16.3,31,1,3,0,4,2,4,2.6,2.58,,13-Jul,
352,99011,1301,2245,2122,5614,5195,5635,74.4,17.5,2,0,4,3,2,2,4,3,2.98,,13-Jul,
353,99017,1450,2063,2024,5355,5557,5014,75.3,13.9,3,2,0,0,2,1,0,0.6,0.58,,13-Jul,
354,99017,1003,650,634,1679,3305,3590,73.4,14.4,4,0,0,0,0,0,2,0.4,0.38,,13-Jul,
355,99017,1278,2275,2218,5869,6023,5063,74,14.5,2,2,0,1,1,2,0,0.8,0.78,,13-Jul,
356,99022,1421,1586,1564,4138,5108,4246,69.1,13.4,4,4,0,0,1,3,2,1.2,1.45,,15-Jul,
357,99023,1258,2131,2048,5419,5824,4811,79.5,15.9,1,2,2,2,2,4,1,2.2,2.18,,13-Jul,
358,99023,1054,1620,1591,4209,5180,4246,74.4,13.8,3,2,0,0,1,1,0,0.4,0.38,,13-Jul,
359,99026,1179,1952,1915,5067,5381,4902,74.6,13.9,1,3,0,3,0,0,1,0.8,0.78,,13-Jul,
360,99026,1367,1911,1819,4814,4842,5188,71.5,16.8,1,4,0,0,0,1,2,0.6,0.85,,15-Jul,
361,99028,1122,2252,2153,5697,5244,5669,77.5,16.4,30,0,3,3,0,1,2,1.8,2.05,,15-Jul,
362,99029,1194,2140,2101,5561,5325,5452,74.2,13.8,2,0,0,2,0,1,4,1.4,1.38,,13-Jul,
363,99029,1268,2113,2088,5524,5804,4936,72,13.2,2,2,4,4,5,3,4,4,3.98,,13-Jul,
364,99029,1458,2137,2088,5524,5769,4972,76.9,14.3,4,1,0,1,3,1,0,1,1.25,1.48,15-Jul,
365,99042,1403,1822,1806,4778,5184,4809,77.7,12.9,2,3,0,0,0,0,0,0,0.25,,15-Jul,
366,99042,1155,2197,2105,5569,6004,4782,78.2,16.2,31,0,1,0,1,1,0,0.6,0.58,,13-Jul,
367,99046,1044,929,914,2419,4039,3596,72.3,13.6,1,3,1,0,0,0,2,0.6,0.58,,13-Jul,
368,99046,1303,2242,2159,5713,5771,5158,73.4,15.7,31,0,0,4,3,0,0,1.4,1.38,,13-Jul,
369,99046,1327,1424,1397,3696,4814,4099,71.3,13.9,2,3,0,0,0,0,1,0.2,0.45,,15-Jul,
370,99047,1076,2298,2234,5910,4675,6451,75.8,14.8,1,0,2,3,1,4,4,2.8,2.78,,13-Jul,
371,99052,1215,1949,1881,4977,5786,4407,73.8,15.5,3,1,3,2,4,1,4,2.8,2.78,,13-Jul,
372,99053,1064,2281,2192,5800,5529,5487,74.5,15.9,4,0,0,1,4,0,2,1.4,1.65,,15-Jul,
373,99054,1237,2141,2107,5574,5295,5496,74,13.6,4,0,0,0,0,4,0,0.8,0.78,,13-Jul,
374,99056,1068,1947,1848,4889,5945,4161,72.8,17.1,31,3,3,3,4,4,1,3,2.98,,13-Jul,
375,99059,1264,2304,2272,6011,5920,5307,71.7,13.4,2,0,4,4,4,4,2,3.6,3.58,,13-Jul,
376,99059,1113,2224,2126,5626,5924,4918,75.8,16.4,1,0,0,1,3,0,0,0.8,0.78,,13-Jul,
377,99060,1048,1560,1530,4049,4071,5195,71.9,13.9,2,0,0,1,1,0,2,0.8,0.78,,13-Jul,
378,99060,1138,1649,1604,4245,5245,4217,72.6,14.7,3,3,0,0,0,0,1,0.2,0.18,,13-Jul,
379,99066,1021,2319,2203,5829,5970,5075,74.4,17,2,0,0,4,1,1,0,1.2,1.18,,13-Jul,
380,99066,1334,2501,2461,6512,5730,5998,74.5,13.6,31,2,4,0,2,0,0,1.2,1.18,,13-Jul,
381,99066,1037,802,793,2099,3511,3804,73.6,13.1,2,3,4,3,1,4,3,3,2.98,,13-Jul,BD
382,99066,1217,2236,2153,5698,5494,5420,75.6,15.7,31,1,2,0,1,1,4,1.6,1.58,,13-Jul,
383,99068,1357,2363,2313,6121,5160,6177,75.5,14.1,4,0,1,0,2,4,0,1.4,1.38,,13-Jul,
384,99068,1423,1512,1464,3873,5275,3814,74.1,15.2,3,3,0,0,0,0,0,0,-0.02,,13-Jul,
385,NY03015,1409,2144,2108,5577,5232,5561,74.4,13.7,4,0,0,2,0,5,0,1.4,1.65,,15-Jul,
386,NY03017,1346,2361,2250,5954,5685,5485,72.5,16.7,31,0,0,1,4,2,0,1.4,1.38,,13-Jul,
387,NY03023,1247,2370,2282,6039,5658,5597,73.9,15.7,2,0,4,3,4,4,4,3.8,3.78,,13-Jul,
388,NY03084,1077,2281,2192,5800,4621,6396,74.5,15.9,1,0,0,1,1,0,0,0.4,0.38,,13-Jul,
389,NY03084,1307,2295,2203,5830,5878,5168,75.5,16,30,0,0,1,2,0,0,0.6,0.58,,13-Jul,
390,NY03085,1276,2390,2318,6134,5779,5571,77,15,31,1,3,5,6,4,4,4.4,4.38,,13-Jul,
391,NY03085,1261,2499,2429,6427,5894,5749,74.7,14.8,1,0,4,4,0,5,4,3.4,3.38,,13-Jul,
392,NY03086,1384,2395,2297,6077,5197,6096,76.2,16.1,2,0,1,1,4,0,3,1.8,1.78,,13-Jul,
393,NY03086,1081,2181,2153,5696,4717,6195,74.7,13.3,1,1,5,4,3,4,4,4,3.98,,13-Jul,
394,NY03089,1095,2282,2218,5869,5150,5935,76.6,14.8,30,0,0,1,2,3,2,1.6,1.58,,13-Jul,
395,NY03143,1444,1922,1855,4908,5027,5097,74.6,15.5,29,3,1,2,0,2,2,1.4,1.38,,13-Jul,
396,NY03143,1428,1460,1429,3782,5934,3065,74.9,14.1,29,4,0,0,1,0,0,0.2,0.18,,13-Jul,
397,NY03143,1342,1989,1921,5084,5382,4918,73.4,15.4,29,2,1,0,0,0,3,0.8,0.78,,13-Jul,
398,NY03143,1164,1605,1539,4073,5599,3690,70.6,16.1,29,3,0,2,3,1,0,1.2,1.18,,13-Jul,
399,NY03143,1399,1565,1518,4017,4885,4348,72.7,15,30,4,3,2,5,0,2,2.4,2.38,,13-Jul,
400,NY03143,1238,1516,1489,3939,5521,3634,72.1,13.8,30,3,0,0,0,0,1,0.2,0.18,,13-Jul,
263,Cal Res L,1033,1859,1831,4845,4142,5919,73.8,13.5,29,0,0,4,2,2,2,2,1.98,,13-Jul,
263,Cal Res L,1066,2518,2417,6396,5632,5981,72,16,29,0,4,4,4,4,4,4,3.98,,13-Jul,
263,Cal Res L,1096,2326,2266,5995,5270,5941,74.1,14.6,30,0,0,2,0,0,4,1.2,1.18,,13-Jul,
263,Cal Res L,1146,2066,2025,5357,5357,5216,74.6,14,29,0,1,0,3,1,2,1.4,1.38,,13-Jul,
263,Cal Res L,1199,2460,2411,6379,5960,5636,75,14,29,0,4,2,4,3,4,3.4,3.38,,13-Jul,
263,Cal Res L,1246,2561,2484,6573,5531,6259,74.2,15,29,0,0,0,4,2,3,1.8,1.78,,13-Jul,
263,Cal Res L,1311,2301,2262,5985,6034,5167,74.3,13.7,29,0,4,4,5,2,5,4,3.98,,13-Jul,
263,Cal Res L,1366,1817,1768,4678,4803,5091,72.6,14.7,30,3,0,0,4,1,4,1.8,1.78,,13-Jul,
263,Cal Res L,1405,2086,2057,5442,5131,5528,74.7,13.4,29,3,5,4,4,5,3,4.2,4.18,,13-Jul,
263,Cal Res L,1440,1594,1521,4024,4090,5149,71.7,16.6,29,3,6,5,4,0,5,4,3.98,,13-Jul,
35,Caledonia,1022,2564,2433,6438,6018,5637,72,17.1,31,0,5,4,3,0,4,3.2,3.18,,13-Jul,
35,Caledonia,1091,1742,1709,4522,5195,4543,73.9,13.9,1,0,1,2,1,4,5,2.6,2.58,,13-Jul,
35,Caledonia,1116,2400,2282,6039,5953,5302,72.8,16.9,30,0,1,0,5,1,5,2.4,2.38,,13-Jul,
35,Caledonia,1150,2204,2182,5773,5036,5954,74.1,13,30,0,0,0,2,2,0,0.8,0.78,,13-Jul,
35,Caledonia,1189,2166,2114,5594,4814,5996,72.6,14.4,31,0,0,1,0,0,1,0.4,0.38,,13-Jul,
35,Caledonia,1232,2570,2503,6623,5591,6249,72.6,14.6,2,0,3,5,2,3,0,2.6,2.58,,13-Jul,
35,Caledonia,1302,2283,2187,5787,5365,5638,72.2,16.2,30,0,5,5,4,5,0,3.8,3.78,,13-Jul,
35,Caledonia,1332,2100,2071,5479,5748,4947,73.6,13.4,31,0,7,0,4,5,0,3.2,3.18,,13-Jul,
35,Caledonia,1386,2358,2273,6015,4972,6259,74.2,15.6,1,0,3,1,4,5,4,3.4,3.38,,13-Jul,
35,Caledonia,1417,2392,2327,6158,4899,6476,73.4,14.7,1,0,2,1,5,1,0,1.8,1.78,,13-Jul,
262,Jensen,1001,1964,1899,5025,2887,7355,74.2,15.3,2,0,0,0,0,0,1,0.2,0.18,,13-Jul,
262,Jensen,1075,2201,2115,5597,5014,5799,75.1,15.9,2,0,3,1,1,3,1,1.8,1.78,,13-Jul,
262,Jensen,1101,1996,1970,5213,5316,5113,74.4,13.3,1,1,0,3,3,4,3,2.6,2.58,,13-Jul,
262,Jensen,1140,2074,2010,5318,5423,5110,74.7,15.1,1,0,1,2,1,2,0,1.2,1.18,,13-Jul,
262,Jensen,1223,2082,2051,5426,5544,5099,75.9,13.5,2,1,2,0,4,2,1,1.8,1.78,,13-Jul,
262,Jensen,1252,2235,2132,5642,5329,5529,76.1,16.6,1,1,4,1,1,2,0,1.6,1.58,,13-Jul,
262,Jensen,1277,2288,2222,5878,5982,5112,75.3,14.9,2,0,2,0,1,0,2,1,0.98,,13-Jul,
262,Jensen,1350,2169,2095,5544,5514,5246,73.5,15.4,31,1,3,1,0,0,1,1,0.98,,13-Jul,
262,Jensen,1410,2237,2190,5795,5175,5836,75.3,14.1,3,1,2,3,0,0,0,1,0.98,,13-Jul,
262,Jensen,1425,2383,2342,6198,4912,6503,76.1,13.7,1,1,0,1,1,0,0,0.4,0.38,,13-Jul,
NY 7708,NY 7708,1013,1924,1899,5025,4766,5475,74.9,13.3,30,0,2,0,3,2,3,2,1.98,,13-Jul,
NY 7708,NY 7708,1056,2100,2071,5479,4925,5770,74.7,13.4,30,0,1,4,0,2,0,1.4,1.38,,13-Jul,
NY 7708,NY 7708,1120,2301,2223,5881,5322,5776,74.6,15.4,29,1,3,0,1,1,0,1,0.98,,13-Jul,
NY 7708,NY 7708,1184,2429,2356,6234,5158,6293,74.7,15,31,1,1,0,0,2,2,1,0.98,,13-Jul,
NY 7708,NY 7708,1205,2363,2273,6015,5593,5638,73.5,15.8,30,0,1,1,2,0,2,1.2,1.18,,13-Jul,
NY 7708,NY 7708,1266,2311,2267,5999,5883,5332,76.6,13.9,31,1,2,3,3,0,2,2,1.98,,13-Jul,
NY 7708,NY 7708,1285,2268,2234,5911,6056,5072,74.8,13.5,30,0,0,1,1,0,2,0.8,0.78,,13-Jul,
NY 7708,NY 7708,1338,2400,2326,6154,5440,5930,74.3,15.1,30,0,1,1,2,0,1,1,0.98,,13-Jul,
NY 7708,NY 7708,1380,2399,2385,6310,5079,6447,77.9,12.6,30,1,0,0,0,0,3,0.6,0.58,,13-Jul,
NY 7708,NY 7708,1455,2246,2215,5860,5919,5157,74.4,13.4,31,2,5,0,1,0,0,1.2,1.18,,13-Jul,
34,Richland,1031,2236,2162,5721,5011,5926,75.8,15.3,31,2,4,3,4,0,4,3,2.98,,13-Jul,
34,Richland,1051,2073,2029,5370,4525,6061,76.5,14.1,31,2,0,3,2,3,3,2.2,2.18,,13-Jul,
34,Richland,1132,1787,1758,4653,4104,5765,75.8,13.6,1,2,0,2,2,3,4,2.2,2.18,,13-Jul,
34,Richland,1175,2127,2093,5538,4871,5883,76.4,13.6,31,0,5,1,5,3,1,3,2.98,,13-Jul,
34,Richland,1228,2447,2386,6313,5662,5868,75.1,14.5,31,0,2,1,1,0,3,1.4,1.38,,13-Jul,
34,Richland,1270,2483,2448,6478,5760,5934,74.8,13.4,31,0,4,3,2,1,5,3,2.98,,13-Jul,
34,Richland,1293,2274,2222,5879,5640,5454,76.6,14.3,31,0,0,2,1,4,4,2.2,2.18,,13-Jul,
34,Richland,1324,1032,1006,2662,5150,2729,68.5,14.5,31,2,0,1,3,0,0,0.8,0.78,,13-Jul,
34,Richland,1392,334,321,850,3877,2189,73.4,15.8,30,4,0,2,1,0,0,0.6,0.58,,13-Jul,
34,Richland,1430,2488,2411,6379,5270,6325,77.1,15.1,31,0,3,5,0,4,0,2.4,2.38,,13-Jul,
57,Superior,1041,1465,1433,3791,3336,5671,75,14.2,3,1,2,2,1,3,3,2.2,2.18,,13-Jul,
57,Superior,1086,2109,2069,5474,5442,5249,74.5,13.9,2,0,2,1,4,2,2,2.2,2.18,,13-Jul,
57,Superior,1107,2165,2085,5517,5269,5464,73.7,15.7,2,1,2,1,4,4,4,3,2.98,,13-Jul,
57,Superior,1165,2303,2213,5856,5487,5585,73.5,15.9,2,3,1,1,0,2,4,1.6,1.58,,13-Jul,
57,Superior,1218,2301,2266,5997,5515,5699,74.4,13.5,2,1,2,3,1,3,3,2.4,2.38,,13-Jul,
57,Superior,1259,2432,2342,6197,5836,5577,74.2,15.7,2,1,3,3,3,3,4,3.2,3.18,,13-Jul,
57,Superior,1319,1955,1922,5085,5762,4539,72.8,13.7,3,3,1,0,4,1,3,1.8,1.78,,13-Jul,
57,Superior,1363,2177,2131,5639,4901,5954,74.8,14.1,3,2,0,4,5,0,1,2,1.98,,13-Jul,
57,Superior,1369,1428,1387,3669,4966,3919,72.9,14.9,4,4,0,0,0,0,0,0,-0.02,,13-Jul,
57,Superior,1449,2325,2290,6060,5301,5975,75.5,13.5,2,1,0,1,1,2,0,0.8,0.78,,13-Jul,
