Source,Entry,PLOT,PHS,Sprout1,Sprout2,Sprout3,Sprout4,Sprout5,SproutMn,Harvest,Comments,PlotYield,TW,Moisture,Lodging,Ht,HD,WH
315,96025,2001,55575,5,5,5,7,5,5.4,7/2/2010,,1850,70.3,10.6,3,112.5,29-May,100
224,99021,2002,5507,0,5,5,0,7,3.4,7/2/2010,,2012,76.4,11.1,0,112.5,1-Jun,100
NY,NY7088,2003,0060-,0,0,6,0,-,1.5,7/2/2010,,2310,75.2,11,0,105,29-May,90
217,99048,2004,3362,0,3,3,6,2,2.8,7/2/2010,,2147,74.5,11.2,0,100,2-Jun,90
592,NY01003-371,2005,31410,3,1,4,1,0,1.8,7/2/2010,,2435,75.2,11.2,0,85,27-May,100
557,NY01062-272,2006,12313,1,2,3,1,3,2,7/2/2010,,2249,76.5,11.3,0,100,28-May,90
451,M05-1526,2007,10402,1,0,4,0,2,1.4,7/2/2010,,2399,77.3,11.3,0,95,26-May,100
147,94058,2008,25565,2,5,5,6,5,4.6,7/2/2010,,2138,74.2,11.4,0,90,31-May,100
Rich,Richland,2009,Missed,,,,,,,5-Jul,,2390,77.3,11.3,0,105,1-Jun,100
118,94058,2010,Missed,,,,,,,5-Jul,,2295,74.8,10.8,0,100,1-Jun,100
NY,NY7088,2011,Missed,,,,,,,5-Jul,,2377,75.6,11.1,0,105,30-May,100
553,NY03010-252,2012,Missed,,,,,,,5-Jul,,2295,74.4,11,0,90,29-May,100
220,99043,2013,Missed,,,,,,,5-Jul,,2342,73.8,11.4,0,105,31-May,100
588,NY03015-361,2014,Missed,,,,,,,5-Jul,,2200,73.8,11.6,0,95,31-May,100
489,FS 430W,2015,56768,5,6,7,6,8,6.4,7/2/2010,,2272,72.9,11.2,2,105,30-May,100
427,TW531-003,2016,65035,6,5,0,3,5,3.8,7/2/2010,,2255,74.7,11.5,0,95,1-Jun,100
436,B030543,2017,75565,7,5,5,6,5,5.6,7/2/2010,,2618,78.2,11.5,1,95,28-May,100
456,P02444A1-23-1,2018,2010,0,2,0,1,0,0.6,7/2/2010,,2224,73.3,10.8,0,85,28-May,100
230,99068,2019,641,0,0,6,4,1,2.2,7/2/2010,,2245,74.6,11.6,0,105,31-May,100
569,NY99069-310,2020,46667,4,6,6,6,7,5.8,7/2/2010,,2173,71.4,10.8,0,95,28-May,100
503,NY99055-135,2021,42511,4,2,5,1,1,2.6,7/2/2010,,2232,73.7,10.7,1,100,30-May,100
507,NY01009-143,2022,15561,1,5,5,6,1,3.6,7/2/2010,,2226,74.7,11.2,0,85,28-May,100
Jen,Jensen,2023,0,0,0,0,0,0,0,7/2/2010,,2153,73.9,11.3,0,100,31-May,100
464,Probe exp.,2024,21432,2,1,4,3,2,2.4,7/2/2010,,2435,76.4,11.4,0,95,30-May,90
504,NY99028-137,2025,10000,1,0,0,0,0,0.2,7/2/2010,,2472,75.8,11.9,0,100,1-Jun,100
450,M05-1172,2026,missing data,,,,,,,5-Jul,red,2180,74.5,11.5,0,80,28-May,100
413,NY07023-150,2027,Missed,,,,,,,5-Jul,,2183,75.8,11.2,1,110,28-May,95
501,NY03093&94-130,2028,Missed,,,,,,,5-Jul,,2442,74.4,10.7,0,90,28-May,100
428,TW528-001,2029,Missed,,,,,,,5-Jul,,2330,74.2,11.7,0,105,31-May,100
528,NY03015-202,2030,Missed,,,,,,,5-Jul,,2380,74.6,11.2,0,100,28-May,95
Cal,Caledonia,2031,0,0,0,0,0,0,0,7/2/2010,,2441,73.6,11.2,0,90,28-May,100
545,NY01005-235,2032,43131,4,3,1,3,1,2.4,7/2/2010,,2444,74.7,11.7,0,80,28-May,100
325,96066,2033,41375,4,1,3,7,5,4,7/2/2010,,2431,73.7,11.7,0,105,31-May,90
69,W105-30,2034,52663,5,2,6,6,3,4.4,7/2/2010,,2187,75.7,11.3,2,115,30-May,95
169,96030,2035,46665,4,6,6,6,5,5.4,7/2/2010,,2378,74.2,10.8,0,100,28-May,100
NY,NY7088,2036,10300,1,0,3,0,0,0.8,7/2/2010,,2396,75.5,11.2,0,105,29-May,95
484,Pioneer 25R39,2037,32114,3,2,1,1,4,2.2,5-Jul,red,2548,75.5,11.6,2,95,26-May,100
435,IL02-19463,2038,88889,8,8,8,8,9,8.2,7/2/2010,,2248,77.1,10.8,1,100,24-May,90
96,W105-54,2039,Missed,,,,,,,5-Jul,,1984,75.8,11.2,0,95,31-May,95
589,"NY03110,1,2,5,6-362",2040,21140,2,1,1,4,0,1.6,7/2/2010,,2209,76,11.1,0,100,29-May,95
508,NY99049-144,2041,Missed,,,,,,,5-Jul,,2342,71.5,10.7,0,90,28-May,90
166,94052,2042,65256,6,5,2,5,6,4.8,7/2/2010,,2435,75.5,11.1,0,95,28-May,95
410,NY07020-147,2043,11263,1,1,2,6,3,2.6,7/2/2010,,2629,75.3,11.4,0,90,26-May,95
Cal,Caledonia,2044,45334,4,5,3,3,4,3.8,7/2/2010,,2193,74.2,11,0,85,28-May,100
594,NY05161-5-407,2045,30323,3,0,3,2,3,2.2,7/2/2010,,2054,76.7,11.4,2,100,26-May,100
480,SW80,2046,76565,7,6,5,6,5,5.8,7/2/2010,,2326,74.9,10.8,1,100,27-May,95
583,NY01023-347,2047,35565,3,5,5,6,5,4.8,7/2/2010,,2189,74.4,11.2,0,90,31-May,100
341,96195,2048,2530,0,2,5,3,0,2,7/2/2010,,2227,75.8,12,0,100,29-May,100
551,NY99045-250,2049,10400,1,0,4,0,0,1,7/2/2010,,2198,74.6,11.6,2,100,27-May,100
521,NY03082-183,2050,1622,0,1,6,2,2,2.2,7/2/2010,,2246,73.2,11.3,2,95,28-May,95
Jen,Jensen,2051,1000,0,1,0,0,0,0.2,7/2/2010,,2082,73.8,11.2,0,100,30-May,100
212,96193,2052,1220,0,1,2,2,0,1,7/2/2010,,2227,75.1,11.6,1,105,30-May,100
527,NY03008-200,2053,133,0,0,1,3,3,1.4,7/2/2010,,2362,75,11.4,0,90,26-May,95
434,LA01*425,2054,57776,5,7,7,7,6,6.4,5-Jul,red,2618,77,12.3,0,95,25-May,100
544,NY03015-231,2055,1200,0,1,2,0,0,0.6,7/2/2010,,2484,76.3,11.7,0,95,30-May,95
Rich,Richland,2056,36525,3,6,5,2,5,4.2,7/2/2010,,2376,76,11.4,0,105,30-May,90
491,NY99028-111,2057,Missed,,,,,,,5-Jul,,2214,75.3,11.5,0,100,31-May,100
431,Roane,2058,46667,4,6,6,6,7,5.8,5-Jul,red,2558,78,11.6,1,85,26-May,85
476,R055,2059,67776,6,7,7,7,6,6.6,5-Jul,red,2399,76,11.2,1,90,27-May,100
Cal,Caledonia,2060,34313,3,4,3,1,3,2.8,7/2/2010,,2506,75.1,11.1,0,95,28-May,100
459,W06-522A,2061,missing,,,,,,,5-Jul,red,2102,75.1,11.1,3,95,27-May,95
546,97083-236,2062,21045,2,1,0,4,5,2.4,7/2/2010,,2280,75.7,11.3,1,95,30-May,95
590,NY99049-364,2063,53487,5,3,4,8,7,5.4,5-Jul, in red set,2289,75.3,11.2,0,90,28-May,100
41,94025,2064,65667,6,5,6,6,7,6,5-Jul, in red set,1912,75.7,11.1,2,105,31-May,95
Cal,Caledonia,2065,10215,1,0,2,1,5,1.8,7/2/2010,,2060,71.2,11,3,95,28-May,95
600,8080xCal-211-444,2066,40000,4,0,0,0,0,0.8,7/2/2010,,2070,78,11.8,0,115,26-May,90
393,NY03086,2067,missing data,,,,,,,5-Jul,,2207,74.7,11.1,1,100,31-May,100
578,NY99069-328,2068,missing data,,,,,,,5-Jul,,2457,76.5,12.1,0,92.5,27-May,95
402,NY07011-138,2069,46464,4,6,4,6,4,4.8,7/2/2010,,2467,73.4,10.9,0,85,28-May,95
533,NY01066-215,2070,missing data,,,,,,,5-Jul,,2331,74.1,11,0,105,29-May,90
474,Bess,2071,31451,3,1,4,5,1,2.8,7/2/2010,,2371,76.2,11.8,1,95,26-May,90
255,99019,2072,56030,5,6,0,3,0,2.8,7/2/2010,,2501,74.4,11.5,0,95,1-Jun,85
403,NY07012-139,2073,14231,1,4,2,3,1,2.2,7/2/2010,,2460,73.9,11.3,0,90,29-May,100
444,OH05-248-38,2074,missing,,,,,,,5-Jul,red,2540,76.4,11.8,0,85,25-May,80
NY,NY7088,2075,missing data,,,,,,,5-Jul,,2276,75.4,11.4,0,105,29-May,95
373,99054,2076,41656,4,1,6,5,6,4.4,7/2/2010,,2072,73.3,11.5,0,105,1-Jun,90
541,NY01002-227,2077,53776,5,3,7,7,6,5.6,7/2/2010,,2259,75.2,11.7,0,85,31-May,100
213,99060,2078,57766,5,7,7,6,6,6.2,7/2/2010,,2201,77.5,11.5,0,90,28-May,95
585,NY01005-356,2079,22012,2,2,0,1,2,1.4,7/2/2010,,2166,75.9,12.2,0,95,31-May,100
601,8080xCal-70-449,2080,3221,0,3,2,2,1,1.6,7/2/2010,,2401,77,13.6,1,110,28-May,95
408,NY07017-144,2081,10311,1,0,3,1,1,1.2,7/2/2010,,1940,75.9,11.6,3,115,26-May,90
420,MSU Line E5024,2082,20,0,0,0,2,0,0.4,7/2/2010,,2224,74.4,11.7,0,80,30-May,100
453,B040798,2083,11112,1,1,1,1,2,1.2,7/2/2010,,1954,74.8,11.6,0,85,28-May,85
495,NY99049-117,2084,11002,1,1,0,0,2,0.8,7/2/2010,,2404,74.8,11.2,0,90,27-May,100
Rich,Richland,2085,5167,0,5,1,6,7,3.8,7/2/2010,,2335,76.3,11.2,0,105,29-May,95
593,NY05143-2-397,2086,33385,3,3,3,8,5,4.4,7/2/2010,,2079,73.7,11.1,0,97.5,27-May,90
404,NY07013-140,2087,12,0,0,0,1,2,0.6,7/2/2010,,2403,72.7,11.2,0,100,28-May,95
461,Z03-0496,2088,6561,0,6,5,6,1,3.6,7/2/2010,,2229,76.5,11.9,0,85,25-May,100
473,7730R,2089,75556,7,5,5,5,6,5.6,7/2/2010,,2588,78.5,11.8,0,95,25-May,95
116,94025,2090,missing data,,,,,,,5-Jul,,2104,74.6,11.2,0,95,29-May,95
603,OH02-12678,2091,65556,6,5,5,5,6,5.4,7/2/2010,,2446,74.8,11.3,0,95,30-May,95
572,NY01066-313,2092,65103,6,5,1,0,3,3,7/2/2010,,2403,74.5,11.4,1,95,29-May,95
471,NC05-21090,2093,41511,4,1,5,1,1,2.4,7/2/2010,,2351,78,11.4,0,80,27-May,100
160,96052,2094,53156,5,3,1,5,6,4,7/2/2010,,2312,75.7,11.5,0,95,30-May,100
Jen,Jensen,2095,52266,5,2,2,6,6,4.2,7/2/2010,,2338,74.9,11.2,0,100,30-May,100
422,MSU Line E6048,2096,56513,5,6,5,1,3,4,7/2/2010,,2445,76.2,11.6,0,90,28-May,95
439,KY97C-0508-01-01A-1,2097,77556,7,7,5,5,6,6,7/2/2010,,2517,78.2,12,0,90,26-May,100
54,W105-156,2098,21340,2,1,3,4,0,2,7/2/2010,,2077,75.1,11.5,2,105,27-May,95
561,NY01066-278,2099,65665,6,5,6,6,5,5.6,7/2/2010,,2257,74.7,11.2,1,100,28-May,95
425,TW412-033,2100,1,0,0,0,0,1,0.2,7/2/2010,,1953,72,11.1,3,95,29-May,95
482,RO65,2101,76857,7,6,8,5,7,6.6,7/2/2010,,2610,77.2,11.3,0,90,27-May,100
NY,NY7088,2102,50110,5,0,1,1,0,1.4,7/2/2010,,2389,75.8,11,0,105,28-May,100
530,NY99069-204,2103,missing data,,,,,,,5-Jul,,2215,73.6,11.1,0,95,29-May,95
529,NY03015-203,2104,75435,7,5,4,3,5,4.8,7/2/2010,,2447,76.5,12,0,95,29-May,90
Jen,Jensen,2105,50460,5,0,4,6,0,3,7/2/2010,,2104,73.6,11.1,0,97.5,31-May,90
516,NY03015-165,2106,35516,3,5,5,1,6,4,7/2/2010,,2489,76.1,11.7,0,97.5,29-May,90
446,MD01W233-07-1,2107,55556,5,5,5,5,6,5.2,7/2/2010,,2398,78.8,11.5,0,90,27-May,85
511,NY03082-156,2108,37353,3,7,3,5,3,4.2,7/2/2010,,2510,74.9,13.1,0,95,27-May,100
534,NY01005-216,2109,66666,6,6,6,6,6,6,7/2/2010,,2303,78,11.7,1,105,27-May,95
492,NY01067-113,2110,2332,0,2,3,3,2,2,7/2/2010,,2102,76.3,11.8,3,90,30-May,100
442,OH04-264-58,2111,55556,5,5,5,5,6,5.2,7/2/2010,,2123,72.1,13.2,0,85,28-May,100
566,NY01018-303,2112,51706,5,1,7,0,6,3.8,7/2/2010,,2187,76.6,11.6,0,90,27-May,95
576,NY99034-324,2113,67788,6,7,7,8,8,7.2,7/2/2010,,2553,75.8,11.6,0,90,1-Jun,100
Cal,Caledonia,2114,50550,5,0,5,5,0,3,7/2/2010,,2455,73.8,11.5,0,95,27-May,100
333,96192,2115,31053,3,1,0,5,3,2.4,7/2/2010,,2187,78.4,10.9,0,105,25-May,100
44,W105-82,2116,1004,0,1,0,0,4,1,7/2/2010,,2408,76.3,11.7,1,110,28-May,95
49,94024,2117,0,0,0,0,0,0,0,7/2/2010,,2263,74.1,11.6,0,90,31-May,95
Jen,Jensen,2118,3156,0,3,1,5,6,3,7/2/2010,,2185,74.8,11.4,0,97.5,31-May,95
346,97089,2119,660,0,0,6,6,0,2.4,7/2/2010,,1984,76.8,11.7,3,100,28-May,100
565,NY99069-289,2120,0,0,0,0,0,0,0,7/2/2010,,2539,75.9,11.5,0,90,26-May,95
525,NY99048-194,2121,31010,3,1,0,1,0,1,7/2/2010,,2208,74.2,11.5,0,105,29-May,90
407,NY07016-143,2122,51101,5,1,1,0,1,1.6,7/2/2010,,2523,73.8,11.4,0,110,30-May,100
486,FS 627,2123,31223,3,1,2,2,3,2.2,7/2/2010,,2531,74.9,11.6,0,90,25-May,100
87,W105-40,2124,33452,3,3,4,5,2,3.4,7/2/2010,,2020,78.3,11.7,3,120,1-Jun,75
375,99059,2125,missing data,,,,,,,5-Jul,,2312,76.1,11.7,0,95,31-May,95
358,99023,2126,51672,5,1,6,7,2,4.2,7/2/2010,,1946,74.5,11.3,3,95,31-May,100
Rich,Richland,2127,50663,5,0,6,6,3,4,7/2/2010,,2149,75.3,11.5,1,105,28-May,100
331,96185,2128,missing data,,,,,,,5-Jul,,2205,68.6,11.2,3,110,29-May,100
493,NY99045-114,2129,2885,0,2,8,8,5,4.6,7/2/2010,,1891,70.6,11.2,3,105,26-May,90
488,FS 801,2130,10,0,0,0,1,0,0.2,7/2/2010,,2664,72.8,12.1,0,95,26-May,75
560,NY01018-276,2131,3623-,3,6,2,3,-,3.5,7/2/2010,,2310,74.9,11.5,0,85,27-May,90
514,99069-160,2132,missing data,,,,,,,5-Jul,,2123,76.2,11.5,4,97.5,31-May,95
467,VA05W-168,2133,1000,0,1,0,0,0,0.2,7/2/2010,,2288,79.8,12,1,90,25-May,85
Rich,Richland,2134,30231,3,0,2,3,1,1.8,7/2/2010,,2382,76.4,11.4,1,110,29-May,90
406,NY07015-142,2135,52513,5,2,5,1,3,3.2,7/2/2010,,2054,75.9,11.3,1,120,29-May,80
472,SW50,2136,-8889,-,8,8,8,9,8.3,7/2/2010,,2445,78,11.8,0,95,25-May,75
432,INW0411,2137,56052,5,6,0,5,2,3.6,7/2/2010,,2266,75.2,11.2,0,90,26-May,95
532,"NY03110,1,2,5,6-212",2138,55011,5,5,0,1,1,2.4,7/2/2010,,1955,75.1,11.4,0,95,29-May,100
556,NY01003-268,2139,56577,5,6,5,7,7,6,7/2/2010,,2222,75.8,11.5,0,100,28-May,100
275,NY103-208-7263,2140,0,0,0,0,0,0,0,7/2/2010,,2323,77.3,11.9,0,100,31-May,100
NY,NY7088,2141,22066,2,2,0,6,6,3.2,7/2/2010,,2470,75.6,11.5,1,105,28-May,95
127,94052,2142,54301,5,4,3,0,1,2.6,7/2/2010,,2261,74.2,11.3,0,100,30-May,100
67,W105-137,2143,10003,1,0,0,0,3,0.8,7/2/2010,,2500,77.1,11.8,2,110,29-May,90
462,GA031238-DH7-7A28,2144,64555,6,4,5,5,5,5,7/2/2010,,1974,79.1,11.7,0,90,27-May,100
519,NY003097&98-177,2145,66083,6,6,0,8,3,4.6,7/2/2010,,2020,73.9,11.5,3,100,30-May,100
376,99059,2146,4233,0,4,2,3,3,2.4,7/2/2010,,2289,75.3,11.6,2,100,30-May,95
411,NY07021-148,2147,1111,0,1,1,1,1,0.8,7/2/2010,,2375,77.3,11.8,0,110,24-May,95
577,NY99069-326,2148,73605,7,3,6,0,5,4.2,7/2/2010,,2467,76.1,11.8,3,100,26-May,90
312,96021,2149,525,0,0,5,2,5,2.4,7/2/2010,,1919,75.3,11.5,4,110,31-May,80
498,"NY03110,1,2,5,6-120",2150,10010,1,0,0,1,0,0.4,7/2/2010,,1965,76.2,11.6,0,95,26-May,90
84,94052,2151,53166,5,3,1,6,6,4.2,7/2/2010,,2040,75.4,11.5,0,90,31-May,90
523,NY03093&94-190,2152,25206,2,5,2,0,6,3,7/2/2010, in red set,2575,74.8,11.5,0,95,28-May,95
513,NY03009-159,2153,missing data,,,,,,,5-Jul,,2573,74.4,12,0,105,1-Jun,80
Cal,Caledonia,2154,43465,4,3,4,6,5,4.4,7/2/2010,,2643,75,11.4,0,95,28-May,90
574,NY03100-321,2155,36355,3,6,3,5,5,4.4,7/2/2010,,2375,75.5,11.5,0,105,30-May,90
531,NY99048-205,2156,0,0,0,0,0,0,0,7/2/2010,,1925,72,11.2,2,105,31-May,95
499,NY99049-126,2157,missing data,,,,,,,5-Jul,,2115,74.9,11.5,3,100,30-May,100
Jen,Jensen,2158,14213,1,4,2,1,3,2.2,7/2/2010,,2111,72.7,11.4,0,100,30-May,95
510,NY03093&94-150,2159,56567,5,6,5,6,7,5.8,7/2/2010,,2373,76.4,11.7,0,110,28-May,90
Rich,Richland,2160,1120,0,1,1,2,0,0.8,7/2/2010,,2346,75.5,11.4,2,110,28-May,100
494,NY01020-116,2161,6,0,0,0,0,6,1.2,7/2/2010,,2597,77.1,11.9,0,105,26-May,90
460,Z03-1281,2162,55355,5,5,3,5,5,4.6,7/2/2010,,2494,73.7,11.5,3,90,25-May,90
584,NY99069-352,2163,10000,1,0,0,0,0,0.2,7/2/2010,,2166,72.3,11.5,0,85,26-May,100
579,NY99028-334,2164,45552,4,5,5,5,2,4.2,7/2/2010,,2396,72.7,11,0,97.5,31-May,95
468,VA05W-258,2165,1233,0,1,2,3,3,1.8,7/2/2010,,2402,75.6,11.8,0,95,27-May,90
112,94061,2166,3522-,3,5,2,2,-,3,7/2/2010,,2276,73.7,11.4,0,95,29-May,95
Jen,Jensen,2167,15675,1,5,6,7,5,4.8,7/2/2010,,2145,73.7,11.4,0,100,30-May,60
549,99068-248,2168,16615,1,6,6,1,5,3.8,7/2/2010,,2127,73.9,11.7,1,100,28-May,90
198,94032,2169,66676,6,6,6,7,6,6.2,7/2/2010,,1931,71,11.6,0,85,29-May,95
Rich,Richland,2170,17775,1,7,7,7,5,5.4,7/2/2010,,2418,74.9,11.6,1,105,29-May,90
575,NY99069-323,2171,44436,4,4,4,3,6,4.2,7/2/2010,,2008,73.9,11.2,0,90,28-May,80
506,"NY03110,1,2,5,6-142",2172,65050,6,5,0,5,0,3.2,7/2/2010,,1742,75.1,11.6,0,92.5,26-May,80
416,NY07105-45-153,2173,26455,2,6,4,5,5,4.4,7/2/2010,,1517,73.2,11,4,100,28-May,85
440,IL04-8445,2174,85777,8,5,7,7,7,6.8,7/2/2010,,2477,77.4,12,1,90,26-May,90
130,94052,2175,101,0,0,1,0,1,0.4,7/2/2010,,2228,74.4,11.5,0,105,30-May,100
438,KY97C-0519-04-07,2176,67543,6,7,5,4,3,5,7/2/2010,,2763,75,11.9,0,90,28-May,100
306,96021,2177,86775,8,6,7,7,5,6.6,7/2/2010,,2257,76.4,12,0,100,29-May,95
104,94046,2178,55556,5,5,5,5,6,5.2,7/2/2010,,1880,71,11.5,0,100,30-May,95
536,NY99069-222,2179,76675,7,6,6,7,5,6.2,7/2/2010,,2149,74.2,11.5,0,90,28-May,95
Cal,Caledonia,2180,55677,5,5,6,7,7,6,7/2/2010,,2662,74.9,11,1,100,27-May,90
478,Ruby red (MSU E1007R),2181,46077,4,6,0,7,7,4.8,7/2/2010,,2236,76,11.6,0,95,26-May,90
522,NY03015-185,2182,missing data,,,,,,,5-Jul,,2325,73.6,11.4,0,95,27-May,90
206,96056,2183,26642,2,6,6,4,2,4,7/2/2010,,2219,72.9,11.5,0,100,30-May,95
539,NY03100-225,2184,25556,2,5,5,5,6,4.6,7/2/2010,,2132,71.9,11.3,0,100,31-May,95
415,NY07029-152,2185,2103,0,2,1,0,3,1.2,7/2/2010,,1448,69.5,10.8,2,95,27-May,95
417,NY07106-167-182,2186,0,0,0,0,0,0,0,7/2/2010,,1463,74.7,11.2,4,95,28-May,90
554,NY99025-261,2187,63443,6,3,4,4,3,4,7/2/2010,,1881,74.8,11.3,0,105,26-May,95
596,8080x7388-76-417,2188,23300,2,3,3,0,0,1.6,7/2/2010,,2071,77.8,12,0,100,28-May,95
NY,NY7088,2189,51150,5,1,1,5,0,2.4,7/2/2010,,2165,74.9,11.5,0,105,28-May,90
455,P99751RA1-6-3-94,2190,37144,3,7,1,4,4,3.8,7/2/2010,,2233,75.8,12,0,95,26-May,80
424,MSU Line E5028,2191,3,0,0,0,0,3,0.6,7/2/2010,,2274,74.4,11.3,1,90,28-May,90
443,OH04-268-39,2192,120,0,0,1,2,0,0.6,7/2/2010,,2387,74.2,11.5,3,105,28-May,60
Jen,Jensen,2193,40602,4,0,6,0,2,2.4,7/2/2010,,2046,73.2,11,2,100,29-May,80
490,NY03015-108,2194,55356,5,5,3,5,6,4.8,7/2/2010,,2499,76.6,11.5,0,100,30-May,90
526,NY99028-199,2195,78896,7,8,8,9,6,7.6,7/2/2010,,2244,73.3,11.3,0,105,29-May,90
388,NY03084,2196,77187,7,7,1,8,7,6,7/2/2010,,2189,73.7,11.6,0,100,28-May,90
260,99032,2197,110,0,0,1,1,0,0.4,7/2/2010,,2014,72.1,11,2,110,30-May,85
Cal,Caledonia,2198,60,0,0,0,6,0,1.2,7/2/2010,,2350,73.6,11.1,0,95,28-May,85
535,NY01008-218,2199,53050,5,3,0,5,0,2.6,7/2/2010,,2144,75.9,11.3,2,95,28-May,85
437,KY97C-0321-02-01,2200,42502,4,2,5,0,2,2.6,7/2/2010,,2493,75.3,11.6,0,90,28-May,90
496,NY01066-118,2201,34221,3,4,2,2,1,2.4,7/2/2010,,2391,74.2,11.2,0,100,31-May,95
558,NY01066-273,2202,22155,2,2,1,5,5,3,7/2/2010,,2392,75.2,11.1,0,105,28-May,100
571,NY99069-312,2203,56130,5,6,1,3,0,3,7/2/2010,,2070,75.7,11.7,1,95,26-May,85
500,NY99049-128,2204,31155,3,1,1,5,5,3,7/2/2010,,1945,73.8,11.4,0,100,30-May,85
475,Truman,2205,51020,5,1,0,2,0,1.6,7/2/2010,,2400,76.7,12,1,100,27-May,75
587,NY03015-360,2206,missing data,,,,,,,5-Jul,,2302,74.2,11.6,0,90,29-May,95
441,IL04-11003,2207,76567,7,6,5,6,7,6.2,7/2/2010,,2198,76.4,12.4,0,95,24-May,100
NY,NY7088,2208,1125,0,1,1,2,5,1.8,7/2/2010,,2259,76.1,11.7,1,105,28-May,100
518,NY03182&183-174,2209,33041,3,3,0,4,1,2.2,7/2/2010,,2395,74.5,11.5,0,95,26-May,95
272,NY03179FHB-10,2210,14464,1,4,4,6,4,3.8,7/2/2010,,2085,76.1,11.8,0,100,26-May,95
591,NY01066-367,2211,33122,3,3,1,2,2,2.2,7/2/2010,,2580,76.4,11.7,0,100,28-May,100
342,97067,2212,6603,0,6,6,0,3,3,7/2/2010,,1964,75.1,11.7,0,105,28-May,90
Rich,Richland,2213,66164,6,6,1,6,4,4.6,7/2/2010,,2337,75.1,11.6,1,105,28-May,85
448,G89201,2214,18676,1,8,6,7,6,5.6,7/2/2010,,2179,76.4,11.9,0,105,25-May,90
452,M05*1589,2215,27877,2,7,8,7,7,6.2,7/2/2010,,2446,77.6,11.9,0,95,26-May,95
292,E3003,2216,66656,6,6,6,5,6,5.8,7/2/2010,,2335,75.2,11.7,0,90,1-Jun,85
397,NY03143,2217,22211,2,2,2,1,1,1.6,7/2/2010,,2072,75.5,11.6,0,100,28-May,85
564,NY01003-287,2218,63540,6,3,5,4,0,3.6,7/2/2010,,2501,76.1,11.6,0,90,30-May,90
470,AR98023-5-1,2219,66773,6,6,7,7,3,5.8,7/2/2010,,2507,75.4,11.9,0,90,27-May,80
Cal,Caledonia,2220,66867,6,6,8,6,7,6.6,7/2/2010,,2471,74.2,11.6,1,100,27-May,95
457,P05219A1-13-16,2221,44454,4,4,4,5,4,4.2,7/2/2010,,2334,74.6,11.4,0,85,24-May,90
552,NY99028-251,2222,77646,7,7,6,4,6,6,7/2/2010,,2485,75.7,11.9,0,100,28-May,90
502,NY03082-132,2223,34641,3,4,6,4,1,3.6,7/2/2010,,1826,67,11.3,0,100,28-May,75
349,99008,2224,45336,4,5,3,3,6,4.2,7/2/2010,,1863,73.7,11.4,3,105,29-May,90
Jen,Jensen,2225,47370,4,7,3,7,0,4.2,7/2/2010,,2205,74.9,11.9,1,95,29-May,100
497,NY01003-119,2226,55364,5,5,3,6,4,4.6,7/2/2010,,2098,68.2,11.6,0,95,28-May,60
509,NY99069-148,2227,1313,0,1,3,1,3,1.6,7/2/2010,,2148,71.8,11.6,1,90,28-May,30
426,TW435-025,2228,77869,7,7,8,6,9,7.4,7/2/2010,,2171,74.4,11.3,2,105,27-May,95
Rich,Richland,2229,11466,1,1,4,6,6,3.6,7/2/2010,,2180,75.7,11.4,1,105,28-May,90
225,99068,2230,missing data,,,,,,,5-Jul,,2081,74.5,11.4,2,105,28-May,50
563,NY01066-286,2231,46668,4,6,6,6,8,6,7/2/2010,,2498,77.2,11.6,0,105,28-May,100
NY,NY7088,2232,48867,4,8,8,6,7,6.6,7/2/2010,,2246,75.8,11.5,0,105,27-May,95
481,Emmit,2233,1402,0,1,4,0,2,1.4,7/2/2010,,2405,76.4,11.7,0,100,27-May,90
449,G89222,2234,87887,8,7,8,8,7,7.6,7/2/2010,,2638,74.7,11.4,1,90,26-May,85
555,NY03100-266,2235,40217,4,0,2,1,7,2.8,7/2/2010,,2425,74.1,11.6,0,105,30-May,80
550,NY99069-249,2236,75767,7,5,7,6,7,6.4,7/2/2010,,2273,74.6,11.6,0,90,25-May,95
540,NY00012-226,2237,57578,5,7,5,7,8,6.4,7/2/2010,,2294,75,11.7,0,110,28-May,75
599,8080xCal-105-440,2238,45530,4,5,5,3,0,3.4,7/2/2010,,2075,78,12.2,2,120,27-May,80
465,Rumor exp.,2239,45754,4,5,7,5,4,5,7/2/2010,,2172,75.2,11.7,0,100,25-May,90
515,NY99056-161,2240,3435,0,3,4,3,5,3,7/2/2010,,2472,75.7,12,1,100,27-May,100
430,Ajax,2241,21000,2,1,0,0,0,0.6,7/2/2010,,1957,70.2,11.5,0,90,26-May,90
487,FS 652,2242,87676,8,7,6,7,6,6.8,7/2/2010,,2140,75.8,11.6,3,90,25-May,90
559,NY99069-274,2243,57767,5,7,7,6,7,6.4,7/2/2010,,2215,77.7,11.5,1,100,26-May,80
421,MSU Line E5038,2244,14555,1,4,5,5,5,4,7/2/2010,,2366,75.6,11.6,1,95,27-May,85
454,M05-1531,2245,35777,3,5,7,7,7,5.8,7/2/2010,,2122,76.7,11.5,1,95,24-May,90
419,MSU Line E5011B,2246,30063,3,0,0,6,3,2.4,7/2/2010,,2385,73.8,11.7,0,90,27-May,90
Jen,Jensen,2247,66656,6,6,6,5,6,5.8,7/2/2010,,2016,74.7,11.8,0,100,30-May,90
311,96021,2248,55655,5,5,6,5,5,5.2,7/2/2010,,2072,77.1,11.8,1,115,29-May,85
597,8080x7388-160-419,2249,0,0,0,0,0,0,0,7/2/2010,,1707,76.4,11.5,3,100,27-May,95
429,TWF507-001,2250,13122,1,3,1,2,2,1.8,7/2/2010,,2153,75.8,11.6,1,100,30-May,100
479,Pioneer 25R47,2251,66877,6,6,8,7,7,6.8,7/2/2010,,2542,76.4,11.8,0,90,25-May,90
250,99038,2252,67888,6,7,8,8,8,7.4,7/2/2010,,2745,76,11.5,0,100,30-May,85
524,"NY03102,3,4-192",2253,66577,6,6,5,7,7,6.2,7/2/2010,,2033,73.4,11.5,0,95,29-May,75
Cal,Caledonia,2254,23100,2,3,1,0,0,1.2,7/2/2010,,2089,72.6,11.3,1,100,27-May,85
469,AR98022-19-3,2255,67556,6,7,5,5,6,5.8,7/2/2010,,2264,77.9,12.2,2,110,24-May,75
466,VA05W-151,2256,76555,7,6,5,5,5,5.6,7/2/2010,,2637,79.4,12,2,90,24-May,85
567,NY03100-307,2257,66766,6,6,7,6,6,6.2,7/2/2010,,2669,76.7,10.9,1,105,28-May,100
573,NY99027-317,2258,45275,4,5,2,7,5,4.6,7/2/2010,,2769,77.2,11.5,0,105,27-May,95
602,OH02-12686,2259,44212,4,4,2,1,2,2.6,7/2/2010,,1833,75.8,11.3,4,95,28-May,90
197,96004,2260,missing data,,,,,,,5-Jul,,2294,74.1,11.1,3,95,27-May,95
538,NY03015-224,2261,56616,5,6,6,1,6,4.8,7/2/2010,,2379,76.4,11.7,0,95,28-May,100
401,NY07010-137,2262,21111,2,1,1,1,1,1.2,7/2/2010,,2215,73.6,11.2,0,100,28-May,95
580,NY03082-336,2263,missing data,,,,,,,5-Jul,,2243,76,11.4,0,97.5,30-May,100
307,96021,2264,6636,0,6,6,3,6,4.2,7/2/2010,,1942,76.2,11.8,1,115,27-May,95
570,NY03015-311,2265,1000,0,1,0,0,0,0.2,7/2/2010,,2133,75.1,11.6,0,100,27-May,95
101,94025,2266,45306,4,5,3,0,6,3.6,7/2/2010,,2083,77,12,1,125,28-May,95
Cal,Caledonia,2267,4415,0,4,4,1,5,2.8,7/2/2010,,2295,74.3,11.4,0,100,27-May,100
483,Pioneer 25R62,2268,67677,6,7,6,7,7,6.6,7/2/2010,,2358,73.7,11.5,0,95,25-May,90
285,NYW103-119-9115,2269,3687,0,3,6,8,7,4.8,7/2/2010,,2036,76,11.7,0,100,27-May,95
445,MD00W53-07-1,2270,36645,3,6,6,4,5,4.8,7/2/2010,,1854,77.9,11.8,0,95,23-May,90
458,W06-089,2271,57654,5,7,6,5,4,5.4,7/2/2010,,2224,78,11.8,2,105,25-May,100
Rich,Richland,2272,10000,1,0,0,0,0,0.2,7/2/2010,,1897,74.8,11.2,2,105,28-May,90
38,94032,2273,83646,8,3,6,4,6,5.4,7/2/2010,,1943,73.8,11.5,1,100,29-May,90
418,MSU Line E5011A,2274,0,0,0,0,0,0,0,7/2/2010,,2328,75.1,11.6,1,90,27-May,95
Jen,Jensen,2275,51661,5,1,6,6,1,3.8,7/2/2010,,2065,74.3,11.6,1,105,29-May,95
433,Branson,2276,56415,5,6,4,1,5,4.2,7/2/2010,,2507,75.8,11.9,1,95,24-May,90
NY,NY7088,2277,71760,7,1,7,6,0,4.2,7/2/2010,,2289,76.3,11.5,2,105,27-May,100
350,99010,2278,76666,7,6,6,6,6,6.2,7/2/2010,,2105,75.8,11.7,0,102.5,29-May,100
310,96021,2279,26,0,0,0,2,6,1.6,7/2/2010,,1881,76.7,11.5,3,115,27-May,80
586,99046-357,2280,50443,5,0,4,4,3,3.2,7/2/2010,,2020,74.9,11.5,1,110,29-May,100
423,MSU Line E3024,2281,4017,0,4,0,1,7,2.4,7/2/2010,,2306,72.9,11.8,0,95,30-May,85
405,NY07014-141,2282,4066,0,4,0,6,6,3.2,7/2/2010,,2253,76.8,11.7,0,110,28-May,90
243,96043,2283,71245,7,1,2,4,5,3.8,7/2/2010,,2343,75.4,11.6,0,105,29-May,95
582,NY03015-346,2284,20333,2,0,3,3,3,2.2,7/2/2010,,2443,76.1,11.7,0,105,27-May,90
512,NY03010-157,2285,1521,0,1,5,2,1,1.8,7/2/2010,,2338,76.3,11.9,0,95,26-May,90
247,96007,2286,15866,1,5,8,6,6,5.2,7/2/2010,,1857,74.6,11,3,110,29-May,95
NY,NY7088,2287,415,0,0,4,1,5,2,7/2/2010,,2045,74,10.9,4,110,27-May,90
520,99069-179,2288,51435,5,1,4,3,5,3.6,7/2/2010,,2067,73.1,11.3,4,105,29-May,90
562,NY99025-281,2289,0,0,0,0,0,0,0,7/2/2010,,1833,72.5,11.2,4,100,27-May,90
517,NY99028-170,2290,3667,0,3,6,6,7,4.4,7/2/2010,,2024,72.9,10.9,4,110,28-May,75
199,96152,2291,3463,0,3,4,6,3,3.2,7/2/2010,,2251,75.8,11.4,0,100,28-May,85
254,99068,2292,68776,6,8,7,7,6,6.8,7/2/2010,,2156,74.3,10.9,2,110,28-May,80
Jen,Jensen,2293,101,0,0,1,0,1,0.4,7/2/2010,,2170,74.7,11.1,2,100,29-May,90
477,OH751,2294,57535,5,7,5,3,5,5,7/2/2010,,2093,76.2,11.6,3,100,25-May,95
505,NY01020-141,2295,203,0,0,2,0,3,1,7/2/2010,,2585,75.5,11.6,0,95,27-May,85
542,NY01069-228,2296,5603,0,5,6,0,3,2.8,7/2/2010,,2249,75,11.4,0,100,30-May,85
Rich,Richland,2297,missing data,,,,,,,5-Jul,,2116,75.5,11.8,1,105,28-May,90
543,NY03010-229,2298,missing data,,,,,,,7/2/2010,,2081,75.7,12,0,105,26-May,60
595,NY05161-6-408,2299,missing data,,,,,,,7/2/2010,,1329,77.5,11.8,2,105,25-May,95
409,NY07018-145,2300,missing data,,,,,,,7/2/2010,,1350,72.4,11.2,4,130,26-May,95
412,NY07022-149,2301,missing data,,,,,,,7/2/2010,,1774,75.7,11.5,3,115,30-May,90
111,94052,2302,missing data,,,,,,,7/2/2010,,2133,75.8,11.4,1,95,26-May,95
547,NY99034-237,2303,missing data,,,,,,,7/2/2010,,1809,78,11.6,1,115,23-May,90
463,Blazer exp.,2304,1001,0,1,0,0,1,0.4,7/2/2010,,1797,74.5,11.6,3,95,25-May,90
NY,NY7088,2305,missing data,,,,,,,7/2/2010,,2235,75.1,11.3,3,105,27-May,95
568,NY03015-308,2306,missing data,,,,,,,7/2/2010,,2361,75.5,11.6,2,105,27-May,90
368,99046,2307,missing data,,,,,,,5-Jul,,1782,73.3,11.3,3,105,29-May,95
50,94052,2308,missing data,,,,,,,7/2/2010,,1923,76,11.4,2,102.5,26-May,80
447,G89209,2309,4354,0,4,3,5,4,3.2,7/2/2010,,2306,76.9,11.6,2,105,24-May,90
149,94058,2310,missing data,,,,,,,7/2/2010,,2392,74.6,11.2,0,95,30-May,95
361,99028,2311,missing data,,,,,,,5-Jul,,1959,75.7,11.7,4,115,27-May,90
581,NY99069-345,2312,missing data,,,,,,,7/2/2010,,1657,74.2,11.2,4,100,27-May,90
Cal,Caledonia,2313,missing data,,,,,,,7/2/2010,,2290,74.2,11.4,1,100,27-May,90
548,NY99069-240,2314,missing data,,,,,,,7/2/2010,,2092,73.8,11,3,105,27-May,85
485,FS 300,2315,64555,6,4,5,5,5,5,7/2/2010,,2372,78.6,11.7,2,100,24-May,90
62,W105-63,2316,missing data,,,,,,,7/2/2010,,1631,75.1,11.2,4,125,28-May,95
598,8080xCal-225-437,2317,missing data,,,,,,,7/2/2010,,1514,75.7,11.6,3,115,25-May,90
414,NY07028-151,2318,missing data,,,,,,,7/2/2010,,1712,72.5,10.4,2,100,28-May,90
537,NY03015-223,2319,missing data,,,,,,,7/2/2010,,2217,74.9,10.9,2,105,27-May,95
Rich,Richland,2320,missing data,,,,,,,7/2/2010,,2081,75.2,11.4,2,115,28-May,90
