Source,Entry,Plot,KC,KC,Sort,Harvest,Mist,Score,PHS,Sprout1,Sprout2,Sprout3,Sprout4,Sprout5,SproutMn,adj
864,NY05158,3001,M,M,,7/7,7/14,7/18,04310,0,4,3,1,0,1.6,
1206,NY02007,3002,W,W,,7/7,7/12,7/16,43145,4,3,1,4,5,3.4,
1114,09079-6-07,3003,W,W,,7/7,7/12,7/16,53323,5,3,3,2,3,3.2,
1232,NY04033,3004,W,W,,7/7,7/12,7/16,65577,6,5,5,7,7,6.0,
1218,NY03143,3005,R,R,,7/7,7/14,7/18,10001,1,0,0,0,1,0.4,
SPN PLOT#: 527,OH12-238-62,3006,R,R,,7/7,7/14,7/18,34303,3,4,3,0,3,2.6,
716,NY01016-AN,3007,W,W,,7/7,7/12,7/16,43455,4,3,4,5,5,4.2,
820,NY05152,3008,M,M,,7/7,7/14,7/18,00000,0,0,0,0,0,0.0,
821,NY05152,3009,W,W,,7/7,7/12,7/16,00000,0,0,0,0,0,0.0,
1277,NY10102-1-17-1277,3010,S,R,/,7/11,7/18,7/22,02304,0,2,3,0,4,1.8,
862,NY05158,3011,M,M,,7/7,7/14,7/18,01000,0,1,0,0,0,0.2,
MSU22,MSU Line F2031,3012,W,W,/,7/11,7/16,7/20,63003,6,3,0,0,3,2.4,
SPN PLOT#: 557,OH12-242-4,3013,R,R,,7/7,7/14,7/18,11100,1,1,1,0,0,0.6,
857,NY05158,3014,W,W,,7/7,7/12,7/16,43445,4,3,4,4,5,4.0,
1302,NY10126-3-19-1302,3015,W,W,/,7/11,7/16,7/20,67688,6,7,6,8,8,7.0,
1171,NY99048,3016,W,W,/,7/11,7/16,7/20,03433,0,3,4,3,3,2.6,
942,NY09096-51,3017,W,W,,7/7,7/12,7/16,32013,3,2,0,1,3,1.8,
625,MO 080104,3018,R,R,,7/7,7/14,7/18,01000,0,1,0,0,0,0.2,
1269,NY10087-1-01-1269,3019,W,W,,7/7,7/12,7/16,32202,3,2,2,0,2,1.8,
SPN PLOT#: 690,OH12-293-29,3020,R,R,,7/7,7/14,7/18,10003,1,0,0,0,3,0.8,
866,NY05158,3021,W,W,/,7/11,7/16,7/20,20132,2,0,1,3,2,1.6,
SPN PLOT#: 510,OH12-259-48,3022,R,R,,7/7,7/14,7/18,00000,0,0,0,0,0,0.0,
1294,NY10108-2-47-1294,3023,S,R,/,7/11,7/18,7/22,51062,5,1,0,6,2,2.8,
1190,NY01023,3024,R,R,,7/7,7/14,7/18,01133,0,1,1,3,3,1.6,
1187,NY01019,3025,W,W,/,7/11,7/16,7/20,57353,5,7,3,5,3,4.6,
1191,NY01026,3026,R,R,/,7/11,7/18,7/22,24101,2,4,1,0,1,1.6,
1054,VA09W-192WS,3027,W,W,/,7/11,7/16,7/20,23052,2,3,0,5,2,2.4,
1303,NY10126-3-39-1303,3028,W,W,/,7/11,7/16,7/20,64733,6,4,7,3,3,4.6,
SPN PLOT#: 517,OH12-236-26,3029,R,R,,7/7,7/14,7/18,00000,0,0,0,0,0,0.0,
1253,NY04047,3030,W,W,/,7/11,7/16,7/20,11313,1,1,3,1,3,1.8,
893,NY07101,3031,M,M,,7/7,7/14,7/18,00030,0,0,0,3,0,0.6,
MSU9,MSU Line F2004,3032,W,W,,7/7,7/12,7/16,50455,5,0,4,5,5,3.8,
1063,VA05W-251,3033,R,R,,7/7,7/14,7/18,20112,2,0,1,1,2,1.2,
288,Pioneer 25W36,3034,W,W,,7/7,7/12,7/16,00275,0,0,2,7,5,2.8,
SPN PLOT#: 200,OH12-133-62,3035,R,R,,7/7,7/14,7/18,31323,3,1,3,2,3,2.4,
SPN PLOT#: 358,OH12-185-48,3036,R,R,,7/7,7/14,7/18,10300,1,0,3,0,0,0.8,
1310,NY10131-1-51-1310,3037,W,W,/,7/11,7/16,7/20,32236,3,2,2,3,6,3.2,
SPN PLOT#: 675,OH12-282-67,3038,R,R,,7/7,7/14,7/18,04134,0,4,1,3,4,2.4,
697,7388xD8006 - 18,3039,W,W,,7/7,7/12,7/16,24024,2,4,0,2,4,2.4,
MSU24,MSU Line F2035,3040,W,W,,7/7,7/12,7/16,55572,5,5,5,7,2,4.8,
1300,NY10108-2-87-1300,3041,S,S,,7/7,7/14,7/18,05022,0,5,0,2,2,1.8,
1298,NY10108-2-77-1298,3042,S,S,,7/7,7/14,7/18,24040,2,4,0,4,0,2.0,
MSU10,MSU Line F2006,3043,W,W,/,7/11,7/16,7/20,11012,1,1,0,1,2,1.0,
1116,09079-6-39,3044,W,W,,7/7,7/12,7/16,33143,3,3,1,4,3,2.8,
1250,NY04044,3045,W,W,,7/7,7/12,7/16,44502,4,4,5,0,2,3.0,
1069,09068-5-19,3046,R,R,/,7/11,7/18,7/22,00101,0,0,1,0,1,0.4,
872,NY07073,3047,W,W,,7/7,7/12,7/16,02141,0,2,1,4,1,1.6,
1264,NY10086-6-13-1264,3048,W,W,,7/7,7/12,7/16,57555,5,7,5,5,5,5.4,
1305,NY10127-10-04-1305,3049,W,W,,7/7,7/12,7/16,11020,1,1,0,2,0,0.8,
SPN PLOT#: 625,OH12-262-34,3050,R,R,/,7/11,7/18,7/22,62224,6,2,2,2,4,3.2,
268,E0028,3051,W,W,,7/7,7/12,7/16,55555,5,5,5,5,5,5.0,
SPN PLOT#: 835,OH12-298-1,3052,R,R,,7/7,7/14,7/18,02241,0,2,2,4,1,1.8,
1288,NY10108-2-11-1288,3053,S,S,,7/7,7/14,7/18,01000,0,1,0,0,0,0.2,
1074,NY94052-6090B,3054,W,W,/,7/11,7/16,7/20,51555,5,1,5,5,5,4.2,
1296,NY10108-2-64-1296,3055,S,S,,7/7,7/14,7/18,01100,0,1,1,0,0,0.4,
1186,NY01003,3056,W,W,,7/7,7/12,7/16,44021,4,4,0,2,1,2.2,
833,NY05158,3057,W,W,,7/7,7/12,7/16,23233,2,3,2,3,3,2.6,
SPN PLOT#: 649,OH12-281-62,3058,R,R,,7/7,7/14,7/18,50151,5,0,1,5,1,2.4,
SPN PLOT#: 375,OH12-209-46,3059,R,R,,7/7,7/14,7/18,14221,1,4,2,2,1,2.0,
825,NY05152,3060,R,R,,7/7,7/14,7/18,21100,2,1,1,0,0,0.8,
842,NY05158,3061,W,W,,7/7,7/12,7/16,34115,3,4,1,1,5,2.8,
436,B030543,3062,R,R,,7/7,7/14,7/18,00000,0,0,0,0,0,0.0,
MSU1,MSU Line F0013R,3063,R,R,,7/7,7/14,7/18,00000,0,0,0,0,0,0.0,
1295,NY10108-2-50-1295,3064,S,S,,7/7,7/14,7/18,00000,0,0,0,0,0,0.0,
846,NY05158,3065,W,W,,7/7,7/12,7/16,03234,0,3,2,3,4,2.4,
1055,TW531-003,3066,W,W,/,7/11,7/16,7/20,11221,1,1,2,2,1,1.4,
290,Ava,3067,W,W,/,7/11,7/16,7/20,03230,0,3,2,3,0,1.6,
1281,NY10102-1-29-1281,3068,S,R,/,7/11,7/18,7/22,2310-,2,3,1,0,-,1.5,
839,NY05158,3069,W,W,,7/7,7/12,7/16,20221,2,0,2,2,1,1.4,
808,NY02008,3070,W,W,/,7/11,7/16,7/20,20003,2,0,0,0,3,1.0,
631,MH06*2820,3071,R,R,,7/7,7/14,7/18,00210,0,0,2,1,0,0.6,
1286,NY10102-1-71-1286,3072,W,W,,7/7,7/12,7/16,44543,4,4,5,4,3,4.0,
1273,NY10102-1-04-1273,3073,S,S,,7/7,7/14,7/18,01000,0,1,0,0,0,0.2,
SPN PLOT#: 578,OH12-299-41,3074,R,R,,7/7,7/14,7/18,00001,0,0,0,0,1,0.2,
MSU6,MSU Line F1049,3075,W,W,,7/7,7/12,7/16,66768,6,6,7,6,8,6.6,
1290,NY10108-2-16-1290,3076,W,W,,7/7,7/12,7/16,45435,4,5,4,3,5,4.2,
814,NY02008,3077,W,W,/,7/11,7/16,7/20,10100,1,0,1,0,0,0.4,
1297,NY10108-2-67-1297,3078,R,R,/,7/11,7/18,7/22,00000,0,0,0,0,0,0.0,
880,NY07088,3079,M,M,,7/7,7/14,7/18,40150,4,0,1,5,0,2.0,
SPN PLOT#: 729,OH12-288-27,3080,R,R,,7/7,7/14,7/18,10020,1,0,0,2,0,0.6,
1306,NY10127-10-22-1306,3081,W,W,/,7/11,7/16,7/20,01020,0,1,0,2,0,0.6,
1194,NY01067,3082,R,R,/,7/11,7/18,7/22,62135,6,2,1,3,5,3.4,
SPN PLOT#: 824,OH12-322-28,3083,R,R,,7/7,7/14,7/18,00111,0,0,1,1,1,0.6,
813,NY02008,3084,W,W,/,7/11,7/16,7/20,00000,0,0,0,0,0,0.0,
SPN PLOT#: 268,OH12-139-49,3085,R,R,,7/7,7/14,7/18,22110,2,2,1,1,0,1.2,
1282,NY10102-1-30-1282,3086,R,R,,7/7,7/14,7/18,01101,0,1,1,0,1,0.6,
444,OH05-248-38,3087,R,R,,7/7,7/14,7/18,52454,5,2,4,5,4,4.0,
928,NY09095-16,3088,W,W,,7/7,7/12,7/16,21001,2,1,0,0,1,0.8,
SPN PLOT#: 753,OH12-289-4,3089,R,R,,7/7,7/14,7/18,01000,0,1,0,0,0,0.2,
1220,NY04098,3090,W,W,,7/7,7/12,7/16,35334,3,5,3,3,4,3.6,
SPN PLOT#: 156,OH12-104-72,3091,R,R,,7/7,7/14,7/18,10121,1,0,1,2,1,1.0,
1192,NY01066,3092,W,W,,7/7,7/12,7/16,42233,4,2,2,3,3,2.8,
MSU15,MSU Line F2016,3093,W,W,/,7/11,7/16,7/20,00000,0,0,0,0,0,0.0,
MSU16,MSU Line F2018,3094,W,W,,7/7,7/12,7/16,66889,6,6,8,8,9,7.4,
1189,NY01020,3095,W,W,,7/7,7/12,7/16,53331,5,3,3,3,1,3.0,
SPN PLOT#: 60,OH12-67-50,3096,R,R,,7/7,7/14,7/18,13144,1,3,1,4,4,2.6,
482,RO65,3097,R,R,,7/7,7/14,7/18,02000,0,2,0,0,0,0.4,
MSU3,MSU Line F1026R,3098,R,R,,7/7,7/14,7/18,42152,4,2,1,5,2,2.8,
159,NY96047,3099,W,W,,7/7,7/12,7/16,14142,1,4,1,4,2,2.4,
1292,NY10108-2-30-1292,3100,W,W,,7/7,7/12,7/16,13443,1,3,4,4,3,3.0,
SPN PLOT#: 417,OH12-195-41,3101,R,R,,7/7,7/14,7/18,22045,2,2,0,4,5,2.6,
1184,NY01003,3102,W,W,/,7/11,7/16,7/20,36623,3,6,6,2,3,4.0,
628,OH05-200-74,3103,R,R,,7/7,7/14,7/18,31222,3,1,2,2,2,2.0,
1274,NY10102-1-08-1274,3104,S,R,/,7/11,7/18,7/22,32223,3,2,2,2,3,2.4,
1247,NY03060,3105,W,W,,7/7,7/12,7/16,41505,4,1,5,0,5,3.0,
879,NY07085,3106,M,M,,7/7,7/14,7/18,33343,3,3,3,4,3,3.2,
SPN PLOT#: 271,OH12-169-48,3107,R,R,,7/7,7/14,7/18,44442,4,4,4,4,2,3.6,
835,NY05158,3108,W,W,,7/7,7/12,7/16,02321,0,2,3,2,1,1.6,
1262,NY10086-6-03-1262,3109,W,W,,7/7,7/12,7/16,44453,4,4,4,5,3,4.0,
262-Jen,Check_Jensen,3110,W,W,/,7/11,7/16,7/20,54443,5,4,4,4,3,4.0,
MSU17,MSU Line F2020,3111,W,W,,7/7,7/12,7/16,67768,6,7,7,6,8,6.8,
1287,NY10102-1-78-1287,3112,W,W,,7/7,7/12,7/16,54254,5,4,2,5,4,4.0,
1097,09067-2-69,3113,M,M,,7/7,7/14,7/18,10001,1,0,0,0,1,0.4,
1081,09040-1-12,3114,W,W,/,7/11,7/16,7/20,10001,1,0,0,0,1,0.4,
SPN PLOT#: 41,OH12-91-67,3115,R,R,,7/7,7/14,7/18,10013,1,0,0,1,3,1.0,
SPN PLOT#: 808,OH12-297-15,3116,R,R,,7/7,7/14,7/18,00010,0,0,0,1,0,0.2,
1098,09067-2-86,3117,R,R,/,7/11,7/18,7/22,00100,0,0,1,0,0,0.2,
MSU12,MSU Line F2010,3118,W,W,,7/7,7/12,7/16,55415,5,5,4,1,5,4.0,
1177,NY99069,3119,W,W,,7/7,7/12,7/16,22443,2,2,4,4,3,3.0,
MSU2,MSU Line F1014,3120,W,W,/,7/11,7/16,7/20,53444,5,3,4,4,4,4.0,
806,NY02008,3121,W,W,/,7/11,7/16,7/20,01010,0,1,0,1,0,0.4,
1202,NY02003,3122,W,W,/,7/11,7/16,7/20,54546,5,4,5,4,6,4.8,
439,KY97C-0508-01-01A-1,3123,R,R,/,7/11,7/18,7/22,00053,0,0,0,5,3,1.6,
1180,NY00020,3124,R,R,/,7/11,7/18,7/22,15560,1,5,5,6,0,3.4,
MSU13,MSU Line F2012,3125,W,W,,7/7,7/12,7/16,46556,4,6,5,5,6,5.2,
1175,NY99056,3126,W,W,/,7/11,7/16,7/20,11123,1,1,1,2,3,1.6,
1293,NY10108-2-46-1293,3127,R,R,/,7/11,7/18,7/22,35151,3,5,1,5,1,3.0,
1265,NY10086-6-14-1265,3128,W,W,,7/7,7/12,7/16,24443,2,4,4,4,3,3.4,
1168,NY99045,3129,W,W,/,7/11,7/16,7/20,47345,4,7,3,4,5,4.6,
SPN PLOT#: 165,OH12-114-5,3130,R,R,,7/7,7/14,7/18,31002,3,1,0,0,2,1.2,
1173,NY99049,3131,W,W,/,7/11,7/16,7/20,01000,0,1,0,0,0,0.2,
MSU7,MSU Line F1051,3132,W,W,/,7/11,7/16,7/20,55502,5,5,5,0,2,3.4,
1308,NY10127-10-62-1308,3133,W,W,/,7/11,7/16,7/20,10201,1,0,2,0,1,0.8,
MSU25,MSU Line F2037,3134,W,W,,7/7,7/12,7/16,44565,4,4,5,6,5,4.8,
35-Cal,Check_Caledonia,3135,W,W,,7/7,7/12,7/16,15564,1,5,5,6,4,4.2,
1183,NY01003,3136,W,W,/,7/11,7/16,7/20,23500,2,3,5,0,0,2.0,
477Ots,Check_Otsego,3137,R,R,,7/7,7/14,7/18,00000,0,0,0,0,0,0.0,
1299,NY10108-2-85-1299,3138,W,W,/,7/11,7/16,7/20,35443,3,5,4,4,3,3.8,
MSU20,MSU Line F2026,3139,W,W,,7/7,7/12,7/16,12043,1,2,0,4,3,2.0,
1272,NY10102-1-02-1272,3140,S,R,/,7/11,7/18,7/22,32750,3,2,7,5,0,3.4,
1246,NY03060,3141,W,W,,7/7,7/12,7/16,24241,2,4,2,4,1,2.6,
SPN PLOT#: 205,OH12-118-61,3142,R,R,,7/7,7/14,7/18,10000,1,0,0,0,0,0.2,
918,NY09091-83,3143,W,W,/,7/11,7/16,7/20,36440,3,6,4,4,0,3.4,
1284,NY10102-1-54-1284,3144,S,R,/,7/11,7/18,7/22,23577,2,3,5,7,7,4.8,
1179,NY00020,3145,R,R,/,7/11,7/18,7/22,33341,3,3,3,4,1,2.8,
901,NY09090-2,3146,W,W,/,7/11,7/16,7/20,44535,4,4,5,3,5,4.2,
1188,NY01019,3147,W,W,/,7/11,7/16,7/20,34430,3,4,4,3,0,2.8,
SPN PLOT#: 150,OH12-123-5,3148,R,R,/,7/11,7/18,7/22,55166,5,5,1,6,6,4.6,
1278,NY10102-1-19-1278,3149,W,W,/,7/11,7/16,7/20,33154,3,3,1,5,4,3.2,
1248,NY03060,3150,W,W,/,7/11,7/16,7/20,46433,4,6,4,3,3,4.0,
SPN PLOT#: 172,OH12-127-46,3151,R,R,,7/7,7/14,7/18,21011,2,1,0,1,1,1.0,
264-Med,Check_Medina,3152,W,W,/,7/11,7/16,7/20,41201,4,1,2,0,1,1.6,
818,NY05152,3153,R,R,/,7/11,7/18,7/22,11102,1,1,1,0,2,1.0,
1090,09063-11-64,3154,R,R,/,7/11,7/18,7/22,01010,0,1,0,1,0,0.4,
MSU14,MSU Line F2014R,3155,R,R,,7/7,7/14,7/18,00511,0,0,5,1,1,1.4,
618,Shirley,3156,R,R,/,7/11,7/18,7/22,02030,0,2,0,3,0,1.0,
SPN PLOT#: 784,OH12-319-20,3157,R,R,,7/7,7/14,7/18,02211,0,2,2,1,1,1.2,
SPN PLOT#: 482,OH12-226-31,3158,R,R,/,7/11,7/18,7/22,21001,2,1,0,0,1,0.8,
MSU23,MSU Line F2033,3159,W,W,/,7/11,7/16,7/20,84778,8,4,7,7,8,6.8,
1243,NY03043,3160,W,W,/,7/11,7/16,7/20,34530,3,4,5,3,0,3.0,
SPN PLOT#: 237,OH12-135-17,3161,R,R,,7/7,7/14,7/18,00000,0,0,0,0,0,0.0,
405,NY07014,3162,W,W,/,7/11,7/16,7/20,53265,5,3,2,6,5,4.2,
874,NY07075,3163,W,W,/,7/11,7/16,7/20,56550,5,6,5,5,0,4.2,
1051,MSU Line E6032,3164,W,W,/,7/11,7/16,7/20,44566,4,4,5,6,6,5.0,
841,NY05158,3165,W,W,,7/7,7/12,7/16,33230,3,3,2,3,0,2.2,
1304,NY10126-3-70-1304,3166,W,W,/,7/11,7/16,7/20,15730,1,5,7,3,0,3.2,
1289,NY10108-2-13-1289,3167,S,R,/,7/11,7/18,7/22,22600,2,2,6,0,0,2.0,
1267,NY10086-6-33-1267,3168,W,W,,7/7,7/12,7/16,24434,2,4,4,3,4,3.4,
MSU26,MSU Line F2039,3169,W,W,,7/7,7/12,7/16,44343,4,4,3,4,3,3.6,
629,ML06-2097,3170,R,R,/,7/11,7/18,7/22,10000,1,0,0,0,0,0.2,
807,NY02008,3171,W,W,/,7/11,7/16,7/20,12212,1,2,2,1,2,1.6,
1307,NY10127-10-36-1307,3172,W,W,,7/7,7/12,7/16,54442,5,4,4,4,2,3.8,
999,NY09112-10,3173,W,W,/,7/11,7/16,7/20,34302,3,4,3,0,2,2.4,
610,SE00 10303-35,3174,W,W,/,7/11,7/16,7/20,15513,1,5,5,1,3,3.0,
1270,NY10087-1-02-1270,3175,W,W,/,7/11,7/16,7/20,24313,2,4,3,1,3,2.6,
MSU27,MSU Line F2041,3176,W,W,/,7/11,7/16,7/20,44665,4,4,6,6,5,5.0,
1094,09067-2-04,3177,R,R,/,7/11,7/18,7/22,21122,2,1,1,2,2,1.6,
1309,NY10127-10-87-1309,3178,W,W,/,7/11,7/16,7/20,01210,0,1,2,1,0,0.8,
844,NY05158,3179,R,R,/,7/11,7/18,7/22,10200,1,0,2,0,0,0.6,
1271,NY10089-2-02-1271,3180,W,W,,7/7,7/12,7/16,66255,6,6,2,5,5,4.8,
878,NY07083,3181,W,W,/,7/11,7/16,7/20,17875,1,7,8,7,5,5.6,
SPN PLOT#: 878,OH12-328-74,3182,R,R,,7/7,7/14,7/18,40312,4,0,3,1,2,2.0,
SPN PLOT#: 192,OH12-127-70,3183,R,R,,7/7,7/14,7/18,01201,0,1,2,0,1,0.8,
1285,NY10102-1-68-1285,3184,S,S,,7/7,7/14,7/18,00350,0,0,3,5,0,1.6,
SPN PLOT#: 28,OH12-66-41,3185,R,R,,7/7,7/14,7/18,24134,2,4,1,3,4,2.8,
473,7730R,3186,R,R,,7/7,7/14,7/18,10001,1,0,0,0,1,0.4,
1064,VA08W-176,3187,R,R,/,7/11,7/18,7/22,00110,0,0,1,1,0,0.4,
MSU19,MSU Line F2024R,3188,R,R,,7/7,7/14,7/18,02010,0,2,0,1,0,0.6,
MSU18,MSU Line F2022,3189,W,W,/,7/11,7/16,7/20,35531,3,5,5,3,1,3.4,
1234,NY04126,3190,R,S,/,7/11,7/18,7/22,03312,0,3,3,1,2,1.8,
627,XY04-37,3191,R,R,,7/7,7/14,7/18,00010,0,0,0,1,0,0.2,
876,NY07078,3192,W,W,/,7/11,7/16,7/20,04114,0,4,1,1,4,2.0,
1164,NY99034,3193,W,W,,7/7,7/12,7/16,25324,2,5,3,2,4,3.2,
SPN PLOT#: 750,OH12-317-57,3194,R,R,,7/7,7/14,7/18,10000,1,0,0,0,0,0.2,
1199,NY02003,3195,W,W,,7/7,7/12,7/16,55404,5,5,4,0,4,3.6,
602-OH,Check_OH02-12686,3196,R,S,/,7/11,7/18,7/22,53322,5,3,3,2,2,3.0,
MSU5,MSU Line F1047,3197,W,W,/,7/11,7/16,7/20,17478,1,7,4,7,8,5.4,
1245,NY04006,3198,R,S,/,7/11,7/18,7/22,23250,2,3,2,5,0,2.4,
1072,Caledonia Reselect-L-W,3199,W,W,/,7/11,7/16,7/20,43555,4,3,5,5,5,4.4,
1167,NY99045,3200,W,W,,7/7,7/12,7/16,40340,4,0,3,4,0,2.2,
1301,NY10126-3-12-1301,3201,W,W,/,7/11,7/16,7/20,35105,3,5,1,0,5,2.8,
617,FSX888,3202,R,R,,7/7,7/14,7/18,10101,1,0,1,0,1,0.6,
SPN PLOT#: 411,OH12-194-53,3203,R,R,,7/7,7/14,7/18,00000,0,0,0,0,0,0.0,
1283,NY10102-1-50-1283,3204,S,S,/,7/11,7/18,7/22,22346,2,2,3,4,6,3.4,
488,FS 801,3205,R,S,/,7/11,7/18,7/22,00052,0,0,0,5,2,1.4,
1280,NY10102-1-26-1280,3206,S,S,/,7/11,7/18,7/22,43273,4,3,2,7,3,3.8,
SPN PLOT#: 677,OH12-284-53,3207,R,R,,7/7,7/14,7/18,42235,4,2,2,3,5,3.2,
1049,Envoy,3208,W,W,/,7/11,7/16,7/20,02135,0,2,1,3,5,2.2,
1086,09058-1-23,3209,W,W,,7/7,7/12,7/16,04314,0,4,3,1,4,2.4,
1200,NY02003,3210,W,W,,7/7,7/12,7/16,55534,5,5,5,3,4,4.4,
1291,NY10108-2-24-1291,3211,W,W,,7/7,7/12,7/16,25014,2,5,0,1,4,2.4,
SPN PLOT#: 467,OH12-208-26,3212,R,R,,7/7,7/14,7/18,22011,2,2,0,1,1,1.2,
MSU4,MSU Line F1029,3213,W,W,,7/7,7/12,7/16,56531,5,6,5,3,1,4.0,
1276,NY10102-1-14-1276,3214,S,S,,7/7,7/14,7/18,23404,2,3,4,0,4,2.6,
1052,MSU Line E8052,3215,W,W,/,7/11,7/16,7/20,33763,3,3,7,6,3,4.4,
1275,NY10102-1-13-1275,3216,S,S,,7/7,7/14,7/18,43001,4,3,0,0,1,1.6,
1166,NY99045,3217,W,W,,7/7,7/12,7/16,34423,3,4,4,2,3,3.2,
1193,NY01066,3218,R,S,/,7/11,7/18,7/22,00000,0,0,0,0,0,0.0,
1268,NY10086-6-67-1268,3219,W,W,,7/7,7/12,7/16,03344,0,3,3,4,4,2.8,
859,NY05158,3220,W,W,,7/7,7/12,7/16,41334,4,1,3,3,4,3.0,
MSU8,MSU Line F2002,3221,W,W,/,7/11,7/16,7/20,35303,3,5,3,0,3,2.8,
440,IL04-8445,3222,R,S,/,7/11,7/18,7/22,32000,3,2,0,0,0,1.0,
1227,NY03076,3223,R,R,,7/7,7/14,7/18,21334,2,1,3,3,4,2.6,
1279,NY10102-1-24-1279,3224,W,W,/,7/11,7/16,7/20,20233,2,0,2,3,3,2.0,
MSU11,MSU Line F2008,3225,W,W,/,7/11,7/16,7/20,28775,2,8,7,7,5,5.8,
1263,NY10086-6-09-1263,3226,W,W,,7/7,7/12,7/16,24521,2,4,5,2,1,2.8,
1266,NY10086-6-27-1266,3227,W,W,,7/7,7/12,7/16,10522,1,0,5,2,2,2.0,
855,NY05158,3228,W,W,,7/7,7/12,7/16,30000,3,0,0,0,0,0.6,
1225,NY03053,3229,R,R,,7/7,7/14,7/18,03000,0,3,0,0,0,0.6,
603,OH02-12678,3230,R,R,,7/7,7/14,7/18,00100,0,0,1,0,0,0.2,
904,NY09090-60,3231,W,W,,7/7,7/12,7/16,11310,1,1,3,1,0,1.2,
461,Z03-0496,3232,R,R,,7/7,7/14,7/18,20120,2,0,1,2,0,1.0,
1059,X08-39D,3233,R,R,,7/7,7/14,7/18,00211,0,0,2,1,1,0.8,
SPN PLOT#: 487,OH12-228-42,3234,R,R,,7/7,7/14,7/18,12222,1,2,2,2,2,1.8,
1197,NY02003,3235,W,W,,7/7,7/12,7/16,06747,0,6,7,4,7,4.8,
MSU21,MSU Line F2028R,3236,R,S,/,7/11,7/18,7/22,01121,0,1,1,2,1,1.0,
848,NY05158,3237,W,W,,7/7,7/12,7/16,43434,4,3,4,3,4,3.6,
861,NY05158,3238,W,W,,7/7,7/12,7/16,21552,2,1,5,5,2,3.0,
