Source,Entry,PLOT,PHS,Sprout1,Sprout2,Sprout3,Sprout4,Sprout5,SproutMn,Harvest,Other
450,M05-1172,1006,,,,,,,,7/2/2010,
434,LA01*425,1018,21030,2,1,0,3,0,1.2,7/2/2010,
483,Pioneer 25R62,1045,36257,3,6,2,5,7,4.6,7/2/2010,
488,FS 801,1049,76556,7,6,5,5,6,5.8,7/2/2010,
466,VA05W-151,1081,2314,0,2,3,1,4,2,7/2/2010,
432,INW0411,1082,44344,4,4,3,4,4,3.8,7/2/2010,
435,IL02-19463,1101,12021,1,2,0,2,1,1.2,7/2/2010,
460,Z03-1281,1110,3413,0,3,4,1,3,2.2,7/2/2010,
467,VA05W-168,1116,23452,2,3,4,5,2,3.2,7/2/2010,
464,Probe exp.,1130,41,0,0,0,4,1,1,7/2/2010,
485,FS 300,1133,1020,0,1,0,2,0,0.6,7/2/2010,
603,OH02-12678,1137,100,0,0,1,0,0,0.2,7/2/2010,
475,Truman,1143,4433,0,4,4,3,3,2.8,7/2/2010,
476,R055,1147,45531,4,5,5,3,1,3.6,7/2/2010,
443,OH04-268-39,1150,14126,1,4,1,2,6,2.8,7/2/2010,
602,OH02-12686,1160,32322,3,2,3,2,2,2.4,7/2/2010,
462,GA031238-DH7-7A28,1162,20000,2,0,0,0,0,0.4,7/2/2010,
455,P99751RA1-6-3-94,1163,44457,4,4,4,5,7,4.8,7/2/2010,
442,OH04-264-58,1185,77687,7,7,6,8,7,7,7/2/2010,
451,M05-1526,1197,68677,6,8,6,7,7,6.8,7/2/2010,
473,7730R,1198,48757,4,8,7,5,7,6.2,7/2/2010,
439,KY97C-0508-01-01A-1,1200,0,0,0,0,0,0,0,7/2/2010,
468,VA05W-258,1208,33432,3,3,4,3,2,3,7/2/2010,
474,Bess,1209,4554,0,4,5,5,4,3.6,7/2/2010,
465,Rumor exp.,1217,31241,3,1,2,4,1,2.2,7/2/2010,
477,OH751,1241,3604,0,3,6,0,4,2.6,7/2/2010,
472,SW50,1249,15300,1,5,3,0,0,1.8,7/2/2010,
444,OH05-248-38,1256,0,0,0,0,0,,0,7/2/2010,
470,AR98023-5-1,1265,48356,4,8,3,5,6,5.2,7/2/2010,
433,Branson,1272,23754,2,3,7,5,4,4.2,7/2/2010,
479,Pioneer 25R47,1274,10762,1,0,7,6,2,3.2,7/2/2010,
449,G89222,1289,34457,3,4,4,5,7,4.6,7/2/2010,
445,MD00W53-07-1,1298,10140,1,0,1,4,0,1.2,7/2/2010,
436,B030543,1299,44566,4,4,5,6,6,5,7/2/2010,
480,SW80,1304,20,0,0,0,2,0,0.4,7/2/2010,
448,G89201,1312,1002,0,1,0,0,2,0.6,7/2/2010,
327,96161,1005,65663,6,5,6,6,3,5.2,7/2/2010,
384,99068,1007,20010,2,0,0,1,0,0.6,7/2/2010,
511,NY03082-156,1017,1,0,0,0,0,1,0.2,7/2/2010,
513,NY03009-159,1026,5125,0,5,1,2,5,2.6,7/2/2010,
576,NY99034-324,1037,2000,0,2,0,0,0,0.4,7/2/2010,
508,NY99049-144,1038,224,0,0,2,2,4,1.6,7/2/2010,
227,99045,1041,89486,8,9,4,8,6,7,7/2/2010,
232,97089,1043,35757,3,5,7,5,7,5.4,7/2/2010,
543,NY03010-229,1050,40435,4,0,4,3,5,3.2,7/2/2010,
Jen,Jensen,1058,0,0,0,0,0,0,0,7/2/2010,
539,NY03100-225,1059,1100,0,1,1,0,0,0.4,7/2/2010,
568,NY03015-308,1061,10,0,0,0,1,0,0.2,7/2/2010,
555,NY03100-266,1070,85865,8,5,8,6,5,6.4,7/2/2010,
74,W105-79,1071,100,0,0,1,0,0,0.2,7/2/2010,
549,99068-248,1074,14355,1,4,3,5,5,3.6,7/2/2010,
257,99021,1075,32038,3,2,0,3,8,3.2,7/2/2010,
Cal,Caledonia,1078,30003,3,0,0,0,3,1.2,7/2/2010,
66,94025,1080,52651,5,2,6,5,1,3.8,7/2/2010,
492,NY01067-113,1088,300,0,0,3,0,0,0.6,7/2/2010,
510,NY03093&94-150,1089,0,0,0,0,0,0,0,7/2/2010,
601,8080xCal-70-449,1096,45645,4,5,6,4,5,4.8,7/2/2010,
Cal,Caledonia,1097,10,0,0,0,1,0,0.2,7/2/2010,AWNED!!!!!
278,NYW103-70-9232,1102,4030,0,4,0,3,0,1.4,7/2/2010,
141,94052,1107,30001,3,0,0,0,1,0.8,7/2/2010,
498,"NY03110,1,2,5,6-120",1109,52565,5,2,5,6,5,4.6,7/2/2010,
496,NY01066-118,1111,0,0,0,0,0,0,0,7/2/2010,
NY,NY7088,1114,39865,3,9,8,6,5,6.2,7/2/2010,
207,94052,1115,51455,5,1,4,5,5,4,7/2/2010,
556,NY01003-268,1119,23454,2,3,4,5,4,3.6,7/2/2010,
597,8080x7388-160-419,1120,56555,5,6,5,5,5,5.2,7/2/2010,
51,W105-151,1123,101,0,0,1,0,1,0.4,7/2/2010,
215,99048,1128,14120,1,4,1,2,0,1.6,7/2/2010,
533,NY01066-215,1129,55545,5,5,5,4,5,4.8,7/2/2010,
526,NY99028-199,1131,56500,5,6,5,0,0,3.2,7/2/2010,
562,NY99025-281,1136,0,0,0,0,0,0,0,7/2/2010,
270,Cal 4PHS-10,1139,65452,6,5,4,5,2,4.4,7/2/2010,
515,NY99056-161,1141,41013,4,1,0,1,3,1.8,7/2/2010,
521,NY03082-183,1144,30200,3,0,2,0,0,1,7/2/2010,
516,NY03015-165,1148,56511,5,6,5,1,1,3.6,7/2/2010,
410,NY07020-147,1159,33664,3,3,6,6,4,4.4,7/2/2010,
416,NY07105-45-153,1161,53315,5,3,3,1,5,3.4,7/2/2010,
115,96017,1164,55651,5,5,6,5,1,4.4,7/2/2010,
NY,NY7088,1165,0,0,0,0,0,0,0,7/2/2010,
558,NY01066-273,1166,20402,2,0,4,0,2,1.6,7/2/2010,
596,8080x7388-76-417,1168,23102,2,3,1,0,2,1.6,7/2/2010,
268,E0028,1169,13312,1,3,3,1,2,2,7/2/2010,
554,NY99025-261,1170,36337,3,6,3,3,7,4.4,7/2/2010,
412,NY07022-149,1171,51121,5,1,1,2,1,2,7/2/2010,
209,96002,1172,30015,3,0,0,1,5,1.8,7/2/2010,
135,94058,1173,5,0,0,0,0,5,1,7/2/2010,
553,NY03010-252,1178,24657,2,4,6,5,7,4.8,7/2/2010,
569,NY99069-310,1179,34124,3,4,1,2,4,2.8,7/2/2010,
598,8080xCal-225-437,1181,3,0,0,0,0,3,0.6,7/2/2010,
216,99060,1182,47456,4,7,4,5,6,5.2,7/2/2010,
590,NY99049-364,1187,55313,5,5,3,1,3,3.4,7/2/2010,
359,99026,1188,0,0,0,0,0,0,0,7/2/2010,
557,NY01062-272,1189,14221,1,4,2,2,1,2,7/2/2010,
229,99029,1190,0,0,0,0,0,0,0,7/2/2010,
427,TW531-003,1192,10000,1,0,0,0,0,0.2,7/2/2010,
NY,NY7088,1199,14053,1,4,0,5,3,2.6,7/2/2010,
506,"NY03110,1,2,5,6-142",1202,1013,0,1,0,1,3,1,7/2/2010,
309,96021,1203,1000,0,1,0,0,0,0.2,7/2/2010,
424,MSU Line E5028,1204,42514,4,2,5,1,4,3.2,7/2/2010,
514,99069-160,1205,0,0,0,0,0,0,0,7/2/2010,
284,NYW103-102-9103,1206,56556,5,6,5,5,6,5.4,7/2/2010,
527,NY03008-200,1207,1,0,0,0,0,1,0.2,7/2/2010,
137,94042,1210,1000,0,1,0,0,0,0.2,7/2/2010,
NY,NY7088,1213,65555,6,5,5,5,5,5.2,7/2/2010,
171,96153,1214,0,0,0,0,0,0,0,7/2/2010,
Cal,Caledonia,1215,12000,1,2,0,0,0,0.6,7/2/2010,does not look like Caledonia
522,NY03015-185,1219,0,0,0,0,0,0,0,7/2/2010,
564,NY01003-287,1221,30001,3,0,0,0,1,0.8,7/2/2010,
502,NY03082-132,1228,35310,3,5,3,1,0,2.4,7/2/2010,
585,NY01005-356,1232,33322,3,3,3,2,2,2.6,7/2/2010,
42,W105-17,1233,0,0,0,0,0,0,0,7/2/2010,
415,NY07029-152,1234,20,0,0,0,2,0,0.4,7/2/2010,
407,NY07016-143,1236,26543,2,6,5,4,3,4,7/2/2010,
582,NY03015-346,1237,56565,5,6,5,6,5,5.4,7/2/2010,
560,NY01018-276,1238,52000,5,2,0,0,0,1.4,7/2/2010,
Jen,Jensen,1239,0,0,0,0,0,0,0,7/2/2010,
573,NY99027-317,1242,0,0,0,0,0,0,0,7/2/2010,
Rich,Richland,1243,12145,1,2,1,4,5,2.6,7/2/2010,
322,96045,1244,30001,3,0,0,0,1,0.8,7/2/2010,
546,97083-236,1245,3000,0,3,0,0,0,0.6,7/2/2010,
Cal,Caledonia,1251,101,0,0,1,0,1,0.4,7/2/2010,
501,NY03093&94-130,1255,1,0,0,0,0,1,0.2,7/2/2010,
490,NY03015-108,1259,1101,0,1,1,0,1,0.6,7/2/2010,
Jen,Jensen,1261,5306,0,5,3,0,6,2.8,7/2/2010,
91,94025,1262,61721,6,1,7,2,1,3.4,7/2/2010,
594,NY05161-5-407,1264,13331,1,3,3,3,1,2.2,7/2/2010,
577,NY99069-326,1266,11736,1,1,7,3,6,3.6,7/2/2010,
578,NY99069-328,1267,66715,6,6,7,1,5,5,7/2/2010,
413,NY07023-150,1268,13351,1,3,3,5,1,2.6,7/2/2010,
Cal,Caledonia,1269,35333,3,5,3,3,3,3.4,7/2/2010,
234,99012,1270,12111,1,2,1,1,1,1.2,7/2/2010,
100,93237SP,1271,0,0,0,0,0,0,0,7/2/2010,
529,NY03015-203,1273,43214,4,3,2,1,4,2.8,7/2/2010,
545,NY01005-235,1275,10021,1,0,0,2,1,0.8,7/2/2010,
NY,NY7088,1276,3333,0,3,3,3,3,2.4,7/2/2010,
409,NY07018-145,1279,32221,3,2,2,2,1,2,7/2/2010,
570,NY03015-311,1286,3012,0,3,0,1,2,1.2,7/2/2010,
NY,NY7088,1287,110,0,0,1,1,0,0.4,7/2/2010,
Rich,Richland,1294,0,0,0,0,0,0,0,7/2/2010,
381,99066,1297,62460,6,2,4,6,0,3.6,7/2/2010,
NY,NY7088,1300,12-00,1,2,-,0,0,0.8,7/2/2010,
420,MSU Line E5024,1302,21110,2,1,1,1,0,1,7/2/2010,
489,FS 430W,1303,10255,1,0,2,5,5,2.6,7/2/2010,
Jen,Jensen,1305,23532,2,3,5,3,2,3,7/2/2010,
600,8080xCal-211-444,1306,55240,5,5,2,4,0,3.2,7/2/2010,
541,NY01002-227,1307,44662,4,4,6,6,2,4.4,7/2/2010,
403,NY07012-139,1308,55634,5,5,6,3,4,4.6,7/2/2010,
211,99060,1309,100,0,0,1,0,0,0.2,7/2/2010,
Cal,Caledonia,1310,11763,1,1,7,6,3,3.6,7/2/2010,
97,94025,1311,100,0,0,1,0,0,0.2,7/2/2010,
509,NY99069-148,1313,54887,5,4,8,8,7,6.4,7/2/2010,
157,94052,1314,57735,5,7,7,3,5,5.4,7/2/2010,
534,NY01005-216,1315,1,0,0,0,0,1,0.2,7/2/2010,
60,W105-149,1316,13312,1,3,3,1,2,2,7/2/2010,
Cal,Caledonia,1317,31555,3,1,5,5,5,3.8,7/2/2010,
593,NY05143-2-397,1318,66887,6,6,8,8,7,7,7/2/2010,
456,P02444A1-23-1,1003,24120,2,4,1,2,0,1.8,6-Jul,red
454,M05-1531,1022,86796,8,6,7,9,6,7.2,6-Jul,red
481,Emmit,1023,21363,2,1,3,6,3,3,6-Jul,red
437,KY97C-0321-02-01,1024,11002,1,1,0,0,2,0.8,6-Jul,red
458,W06-089,1025,66566,6,6,5,6,6,5.8,6-Jul,red
440,IL04-8445,1031,77783,7,7,7,8,3,6.4,6-Jul,red
471,NC05-21090,1051,44535,4,4,5,3,5,4.2,6-Jul,red
431,Roane,1055,32534,3,2,5,3,4,3.4,6-Jul,red
453,B040798,1083,100,0,0,1,0,0,0.2,6-Jul,red
457,P05219A1-13-16,1084,66577,6,6,5,7,7,6.2,6-Jul,red
486,FS 627,1100,68789,6,8,7,8,9,7.6,6-Jul,red
478,Ruby red (MSU E1007R),1117,22315,2,2,3,1,5,2.6,6-Jul,red
463,Blazer exp.,1140,40314,4,0,3,1,4,2.4,6-Jul,red
438,KY97C-0519-04-07,1152,85376,8,5,3,7,6,5.8,6-Jul,red
482,RO65,1156,42266,4,2,2,6,6,4,6-Jul,red
441,IL04-11003,1175,54156,5,4,1,5,6,4.2,6-Jul,red
484,Pioneer 25R39,1186,13063,1,3,0,6,3,2.6,6-Jul,red
459,W06-522A,1191,65663,6,5,6,6,3,5.2,6-Jul,red
447,G89209,1211,23766,2,3,7,6,6,4.8,6-Jul,red
446,MD01W233-07-1,1246,79786,7,9,7,8,6,7.4,6-Jul,red
452,M05*1589,1254,88779,8,8,7,7,9,7.8,6-Jul,red
469,AR98022-19-3,1285,56-24,5,6,-,2,4,4.3,6-Jul,red
461,Z03-0496,1296,53367,5,3,3,6,7,4.8,6-Jul,red
487,FS 652,1301,51375,5,1,3,7,5,4.2,6-Jul,red
Rich,Richland,1001,15555,1,5,5,5,5,4.2,6-Jul,
530,NY99069-204,1002,11012,1,1,0,1,2,1,6-Jul,
NY,NY7088,1004,12323,1,2,3,2,3,2.2,6-Jul,
584,NY99069-352,1008,34564,3,4,5,6,4,4.4,6-Jul,
283,NYW103-90-9245,1009,55355,5,5,3,5,5,4.6,6-Jul,
517,NY99028-170,1010,55767,5,5,7,6,7,6,6-Jul,
Cal,Caledonia,1011,54551,5,4,5,5,1,4,6-Jul,
Jen,Jensen,1012,55261,5,5,2,6,1,3.8,6-Jul,
504,NY99028-137,1013,45444,4,5,4,4,4,4.2,6-Jul,
572,NY01066-313,1014,55454,5,5,4,5,4,4.6,6-Jul,
531,NY99048-205,1015,35655,3,5,6,5,5,4.8,6-Jul,
92,W105-108,1016,55562,5,5,5,6,2,4.6,6-Jul,
338,96195,1019,45254,4,5,2,5,4,4,6-Jul,
Rich,Richland,1020,77867,7,7,8,6,7,7,6-Jul,
175,94052,1021,76637,7,6,6,3,7,5.8,6-Jul,
Cal,Caledonia,1027,88666,8,8,6,6,6,6.8,6-Jul,
500,NY99049-128,1028,46465,4,6,4,6,5,5,6-Jul,
591,NY01066-367,1029,66546,6,6,5,4,6,5.4,6-Jul,
535,NY01008-218,1030,75747,7,5,7,4,7,6,6-Jul,
324,96053,1032,55672,5,5,6,7,2,5,6-Jul,
587,NY03015-360,1033,44454,4,4,4,5,4,4.2,6-Jul,
552,NY99028-251,1034,34511,3,4,5,1,1,2.8,6-Jul,
Cal,Caledonia,1035,75635,7,5,6,3,5,5.2,6-Jul,
547,NY99034-237,1036,34044,3,4,0,4,4,3,6-Jul,
Rich,Richland,1039,54455,5,4,4,5,5,4.6,6-Jul,
532,"NY03110,1,2,5,6-212",1040,44655,4,4,6,5,5,4.8,6-Jul,
185,96049,1042,14432,1,4,4,3,2,2.8,6-Jul,
563,NY01066-286,1044,86587,8,6,5,8,7,6.8,6-Jul,
390,NY03085,1046,1000,0,1,0,0,0,0.2,6-Jul,
428,TW528-001,1047,45655,4,5,6,5,5,5,6-Jul,
561,NY01066-278,1048,55551,5,5,5,5,1,4.2,6-Jul,
Jen,Jensen,1052,21312,2,1,3,1,2,1.8,6-Jul,
417,NY07106-167-182,1053,77766,7,7,7,6,6,6.6,6-Jul,
524,"NY03102,3,4-192",1054,1100,0,1,1,0,0,0.4,6-Jul,
401,NY07010-137,1056,56554,5,6,5,5,4,5,6-Jul,
538,NY03015-224,1057,55554,5,5,5,5,4,4.8,6-Jul,
NY,NY7088,1060,67566,6,7,5,6,6,6,6-Jul,
65,94052,1062,64345,6,4,3,4,5,4.4,6-Jul,
176,94046,1063,24554,2,4,5,5,4,4,6-Jul,
540,NY00012-226,1064,42535,4,2,5,3,5,3.8,6-Jul,
575,NY99069-323,1065,46567,4,6,5,6,7,5.6,6-Jul,
326,96155,1066,4544,0,4,5,4,4,3.4,6-Jul,
507,NY01009-143,1067,65568,6,5,5,6,8,6,6-Jul,
518,NY03182&183-174,1068,64343,6,4,3,4,3,4,6-Jul,
493,NY99045-114,1069,55767,5,5,7,6,7,6,6-Jul,
304,96020,1072,35434,3,5,4,3,4,3.8,6-Jul,
NY,NY7088,1073,56755,5,6,7,5,5,5.6,6-Jul,
503,NY99055-135,1076,85555,8,5,5,5,5,5.6,6-Jul,
414,NY07028-151,1077,65666,6,5,6,6,6,5.8,6-Jul,
196,96047,1079,65966,6,5,9,6,6,6.4,6-Jul,
Rich,Richland,1085,47475,4,7,4,7,5,5.4,6-Jul,
430,Ajax,1086,64459,6,4,4,5,9,5.6,6-Jul,
599,8080xCal-105-440,1087,40554,4,0,5,5,4,3.6,6-Jul,
544,NY03015-231,1090,45445,4,5,4,4,5,4.4,6-Jul,
550,NY99069-249,1091,24455,2,4,4,5,5,4,6-Jul,
551,NY99045-250,1092,44524,4,4,5,2,4,3.8,6-Jul,
Jen,Jensen,1093,10,0,0,0,1,0,0.2,6-Jul,
79,94052,1094,14450,1,4,4,5,0,2.8,6-Jul,
Rich,Richland,1095,30315,3,0,3,1,5,2.4,6-Jul,
497,NY01003-119,1098,43357,4,3,3,5,7,4.4,6-Jul,
188,96056,1099,54544,5,4,5,4,4,4.4,6-Jul,
588,NY03015-361,1103,5414,0,5,4,1,4,2.8,6-Jul,
305,96021,1104,42534,4,2,5,3,4,3.6,6-Jul,
505,NY01020-141,1105,44224,4,4,2,2,4,3.2,6-Jul,
Rich,Richland,1106,31244,3,1,2,4,4,2.8,6-Jul,
55,94025,1108,45435,4,5,4,3,5,4.2,6-Jul,
512,NY03010-157,1112,2010,0,2,0,1,0,0.6,6-Jul,
419,MSU Line E5011B,1113,13301,1,3,3,0,1,1.6,6-Jul,
162,96018,1118,15401,1,5,4,0,1,2.2,6-Jul,
86,W105-97,1121,33414,3,3,4,1,4,3,6-Jul,
Jen,Jensen,1122,60452,6,0,4,5,2,3.4,6-Jul,
249,99059,1124,2133,0,2,1,3,3,1.8,6-Jul,
303,96014,1125,45643,4,5,6,4,3,4.4,6-Jul,
528,NY03015-202,1126,41414,4,1,4,1,4,2.8,6-Jul,
426,TW435-025,1127,65550,6,5,5,5,0,4.2,6-Jul,
Cal,Caledonia,1132,45502,4,5,5,0,2,3.2,6-Jul,
105,94025,1134,56454,5,6,4,5,4,4.8,6-Jul,
351,99010,1135,66776,6,6,7,7,6,6.4,6-Jul,
Jen,Jensen,1138,76565,7,6,5,6,5,5.8,6-Jul,
366,99042,1142,44534,4,4,5,3,4,4,6-Jul,
494,NY01020-116,1145,55533,5,5,5,3,3,4.2,6-Jul,
231,99059,1146,44562,4,4,5,6,2,4.2,6-Jul,
583,NY01023-347,1149,44012,4,4,0,1,2,2.2,6-Jul,
138,96049,1151,5402,0,5,4,0,2,2.2,6-Jul,
579,NY99028-334,1153,46467,4,6,4,6,7,5.4,6-Jul,
422,MSU Line E6048,1154,47567,4,7,5,6,7,5.8,6-Jul,
Rich,Richland,1155,36456,3,6,4,5,6,4.8,6-Jul,
59,W105-71,1157,55545,5,5,5,4,5,4.8,6-Jul,
NY,NY7088,1158,64455,6,4,4,5,5,4.8,6-Jul,
421,MSU Line E5038,1167,75664,7,5,6,6,4,5.6,6-Jul,
Rich,Richland,1174,10001,1,0,0,0,1,0.4,6-Jul,
240,96023,1176,43244,4,3,2,4,4,3.4,6-Jul,
Cal,Caledonia,1177,52200,5,2,2,0,0,1.8,6-Jul,
418,MSU Line E5011A,1180,35025,3,5,0,2,5,3,6-Jul,
63,94025,1183,55256,5,5,2,5,6,4.6,6-Jul,
Jen,Jensen,1184,21612,2,1,6,1,2,2.4,6-Jul,
Rich,Richland,1193,13403,1,3,4,0,3,2.2,6-Jul,
580,NY03082-336,1194,40555,4,0,5,5,5,3.8,6-Jul,
134,96056,1195,44454,4,4,4,5,4,4.2,6-Jul,
592,NY01003-371,1196,2212,0,2,2,1,2,1.4,6-Jul,
559,NY99069-274,1201,42515,4,2,5,1,5,3.4,6-Jul,
566,NY01018-303,1212,5054,0,5,0,5,4,2.8,6-Jul,
114,94024,1216,43342,4,3,3,4,2,3.2,6-Jul,
408,NY07017-144,1218,24442,2,4,4,4,2,3.2,6-Jul,
589,"NY03110,1,2,5,6-362",1220,50657,5,0,6,5,7,4.6,6-Jul,
565,NY99069-289,1222,53513,5,3,5,1,3,3.4,6-Jul,
Jen,Jensen,1223,65566,6,5,5,6,6,5.6,6-Jul,
61,W105-84,1224,11444,1,1,4,4,4,2.8,6-Jul,
520,99069-179,1225,5123,0,5,1,2,3,2.2,6-Jul,
146,96153,1226,50311,5,0,3,1,1,2,6-Jul,
NY,NY7088,1227,43445,4,3,4,4,5,4,6-Jul,
574,NY03100-321,1229,64521,6,4,5,2,1,3.6,6-Jul,
404,NY07013-140,1230,12111,1,2,1,1,1,1.2,6-Jul,
402,NY07011-138,1231,57561,5,7,5,6,1,4.8,6-Jul,
519,NY003097&98-177,1235,58656,5,8,6,5,6,6,6-Jul,
126,96153,1240,4443-,4,4,4,3,-,3.8,6-Jul,
499,NY99049-126,1247,51523,5,1,5,2,3,3.2,6-Jul,
525,NY99048-194,1248,52344,5,2,3,4,4,3.6,6-Jul,
586,99046-357,1250,20233,2,0,2,3,3,2,6-Jul,
495,NY99049-117,1252,3335,3,3,3,5,,3.5,6-Jul,
491,NY99028-111,1253,55624,5,5,6,2,4,4.4,6-Jul,
537,NY03015-223,1257,35040,3,5,0,4,0,2.4,6-Jul,
405,NY07014-141,1258,55404,5,5,4,0,4,3.6,6-Jul,
423,MSU Line E3024,1260,15405,1,5,4,0,5,3,6-Jul,
548,NY99069-240,1263,36012,3,6,0,1,2,2.4,6-Jul,
425,TW412-033,1277,34542,3,4,5,4,2,3.6,6-Jul,
Rich,Richland,1278,65613,6,5,6,1,3,4.2,6-Jul,
242,99012,1280,3042,0,3,0,4,2,1.8,6-Jul,
581,NY99069-345,1281,33464,3,3,4,6,4,4,6-Jul,
536,NY99069-222,1282,37163,3,7,1,6,3,4,6-Jul,
186,96018,1283,12054,1,2,0,5,4,2.4,6-Jul,
239,97072,1284,21302,2,1,3,0,2,1.6,6-Jul,
542,NY01069-228,1288,10022,1,0,0,2,2,1,6-Jul,
406,NY07015-142,1290,21301,2,1,3,0,1,1.4,6-Jul,
411,NY07021-148,1291,12110,1,2,1,1,0,1,6-Jul,
523,NY03093&94-190,1292,10330,1,0,3,3,0,1.4,6-Jul,
595,NY05161-6-408,1293,12420,1,2,4,2,0,1.8,6-Jul,
571,NY99069-312,1295,45354,4,5,3,5,4,4.2,6-Jul,
429,TWF507-001,1319,4705,0,4,7,0,5,3.2,6-Jul,
567,NY03100-307,1320,44433,,,,,,,6-Jul,
,,,,,,,,,,,
,Need to confirm sources 602 and 603,,,,,,,,,,
