Source,Entry,PLOT,PlotYield,TW,Moisture,Lodging,Mildew,Ht,HD,WH,KC,Segregation,Awn,Chaff color
SPN PLOT#: 358,OH12-185-48,1001,2571,70.2,11.5,3,0,90,3,95,R,"10% T, 20%Br",N,"W,Br"
1173,NY99049,1002,2553,69.1,10.4,4,0,98,5,100,W,,N,W
861,NY05158,1003,2253,70.3,11.3,2,0,78,5,100,W,,N,Br
1167,NY99045,1004,1969,69,10.9,1,0,102,3,100,W,"10% Bl, 10%W",N,"Br,W"
1284,NY10102-1-54-1284,1005,2495,67.8,12.4,1,0,96,5,100,S,,N,W
610,SE00 10303-35,1006,2506,68.4,10.1,1,0,100,4,100,W,,N,W
1194,NY01067,1007,2437,69.8,11,2,0,98,10,100,R,,N,W
MSU9,MSU Line F2004,1008,2421,66,10.7,0,0,78,3,100,W,,N,W
1282,NY10102-1-30-1282,1009,2266,70.9,10.8,0,2,100,6,95,R,,N,W
1072,Caledonia Reselect-L-W,1010,2398,69.4,12.8,2,1,98,3,100,W,,N,W
697,7388xD8006 - 18,1011,2148,69.5,12.2,3,0,100,5,100,W,,N,Br
SPN PLOT#: 677,OH12-284-53,1012,2512,72.9,12.4,3,1,98,1,100,R,10% N,"A,N",W
942,NY09096-51,1013,2004,69,10.9,5,0,96,3,100,W,,N,W
1309,NY10127-10-87-1309,1014,2039,69.4,11.9,0,3,98,7,100,W,,N,W
1177,NY99069,1015,2041,68.2,10.1,0,2,106,4,100,W,,N,W
842,NY05158,1016,2258,68.8,11.4,0,0,76,4,100,W,,N,Br
1243,NY03043,1017,1922,66.1,8.9,1,0,90,7,100,W,,N,W
1305,NY10127-10-04-1305,1018,1925,62.4,11.9,0,0,90,7,95,W,,N,W
1206,NY02007,1019,2254,70.5,11.9,0,0,100,9,95,W,,N,W
SPN PLOT#: 268,OH12-139-49,1020,2276,71.2,11.7,3,0,102,2,0,R,,N,W
807,NY02008,1021,2551,71,12.8,1,0,110,9,100,W,,N,W
918,NY09091-83,1022,2063,68.9,11.7,1,1,100,5,100,W,,N,W
SPN PLOT#: 482,OH12-226-31,1023,2653,73.4,13,5,2,108,3,100,R,,N,W
1263,NY10086-6-09-1263,1024,2313,69.7,11.8,1,0,104,5,100,W,W/Br,N,W/Br
1287,NY10102-1-78-1287,1025,2328,69.4,11.5,0,1,96,5,100,W,,N,W
1247,NY03060,1026,2180,68.1,10.9,0,0,98,8,95,W,"Bl/G, W/Br",N,W/Br
35-Cal,Check_Caledonia,1027,2213,66.8,11.1,0,1,94,8,95,W,"10%T,10%Br",N,"W,Br"
846,NY05158,1028,2268,70.4,11.6,3,0,80,5,95,W,,N,Br
1303,NY10126-3-39-1303,1029,2270,70.9,11.4,1,1,106,7,95,W,A/N,A/N,W
1200,NY02003,1030,2122,64.4,10.6,0,0,84,3,90,W,,N,W
159,NY96047,1031,2296,64.8,11.2,1,0,100,8,95,W,,N,Br
876,NY07078,1032,2414,67.2,12.5,1,1,104,7,95,W,?ht,N,W
1090,09063-11-64,1033,2429,69.5,9.4,2,0,100,9,100,R,,N,W
1186,NY01003,1034,2615,67.3,11.3,2,1,90,4,100,W,,N,W
SPN PLOT#: 487,OH12-228-42,1035,2635,71.3,11.5,6,0,102,2,100,R,,N,W
1188,NY01019,1036,2220,68.9,10.1,6,0,108,11,100,W,,N,W
1297,NY10108-2-67-1297,1037,2020,68.2,10.9,1,5,98,8,100,R,,N,W
MSU15,MSU Line F2016,1038,2512,66.9,12,5,2,98,8,100,W,,N,W
1097,09067-2-69,1039,2276,69.7,13,3,0,96,6,100,M,,N,W
857,NY05158,1040,2308,71,10.3,0,0,78,4,100,W,,N,Br
MSU5,MSU Line F1047,1041,2301,66.3,11,1,0,88,6,95,W,,N,W
618,Shirley,1042,2733,70.3,11.3,3,0,84,5,95,R,,N,W
1268,NY10086-6-67-1268,1043,2189,71.2,10.6,1,0,100,3,100,W,,N,Br
844,NY05158,1044,2231,70.8,12.9,3,0,108,8,90,R,"10% G, 10%Br",N,"W,Br"
1279,NY10102-1-24-1279,1045,2412,69.7,12.6,2,1,100,5,100,W,,N,W
444,OH05-248-38,1046,2561,71,12.5,3,0,86,2,100,R,,N,Br
268,E0028,1047,2474,67.8,12.1,3,0,94,4,100,W,,N,W
MSU1,MSU Line F0013R,1048,2391,74.3,9.8,5,0,86,3,100,R,,N,W
SPN PLOT#: 517,OH12-236-26,1049,2475,71.8,11.8,6,1,104,3,100,R,?ht,N,W
MSU10,MSU Line F2006,1050,2308,64.3,11.6,0,5,90,8,95,W,,N,W
MSU25,MSU Line F2037,1051,2456,70.2,9.6,3,0,106,6,95,W,,N,W
SPN PLOT#: 172,OH12-127-46,1052,1900,70.4,9.4,2,1,110,3,100,R,10% A,"N,A",W
SPN PLOT#: 649,OH12-281-62,1053,2266,70.2,12.1,4,1,98,1,95,R,,N,W
439,KY97C-0508-01-01A-1,1054,2508,71,12.2,4,0,96,3,100,R,,A,W
928,NY09095-16,1055,2451,70.5,12.2,7,0,98,4,100,W,,N,Br
MSU26,MSU Line F2039,1056,2489,65.7,12.2,1,0,96,4,100,W,,N,W
855,NY05158,1057,2208,70.5,12.2,0,0,76,4,100,W,,N,Br
602-OH,Check_OH02-12686,1058,2704,71.2,12.9,1,0,94,7,95,R,,N,W
1310,NY10131-1-51-1310,1059,2332,69.5,12,2,5,106,8,95,W,,N,W
1277,NY10102-1-17-1277,1060,2501,71.2,9.6,1,1,100,4,100,S,,N,W
1094,09067-2-04,1061,2382,68.7,11.5,0,0,96,7,100,R,,N,W
893,NY07101,1062,2048,69.6,10.8,2,0,108,5,95,M,"?ht,10%Br",N,"W,Br"
628,OH05-200-74,1063,2724,69.4,11.5,1,1,106,5,95,R,,N,Br
SPN PLOT#: 824,OH12-322-28,1064,2965,71.5,12.3,3,1,88,3,100,R,,N,W
SPN PLOT#: 467,OH12-208-26,1065,2605,69.4,11.7,5,0,82,2,100,R,,N,W
264-Med,Check_Medina,1066,2131,67.4,12.4,2,1,110,6,95,W,,N,W
1291,NY10108-2-24-1291,1067,2267,68.4,10.2,1,5,94,7,100,W,,N,W
SPN PLOT#: 625,OH12-262-34,1068,2703,71.6,11.6,8,1,98,5,100,R,"Ht,10%Br",N,"W,Br"
SPN PLOT#: 411,OH12-194-53,1069,2441,69.3,10.5,1,0,84,1,100,R,,N,W
1225,NY03053,1070,2134,69.4,9.8,3,0,98,6,100,R,,N,Br
1054,VA09W-192WS,1071,2446,66.5,12.4,3,0,88,8,90,W,,N,W
1273,NY10102-1-04-1273,1072,2221,70.6,11,2,2,96,6,100,S,10%Br,N,"W,Br"
488,FS 801,1073,2690,72,12.3,2,0,106,5,100,R,,A,W
1187,NY01019,1074,1833,65.6,10.3,1,0,88,9,90,W,,A,Br
MSU27,MSU Line F2041,1075,2344,64,9.9,4,0,116,10,100,W,,N,W
MSU17,MSU Line F2020,1076,2452,66.6,11.3,2,0,88,3,100,W,,N,W
1302,NY10126-3-19-1302,1077,2384,69.9,11.7,1,3,96,7,100,W,A/N,A/N,W
1051,MSU Line E6032,1078,2443,67.1,12.4,2,2,88,7,90,W,,A,W
603,OH02-12678,1079,2663,70.8,12.5,4,0,100,5,100,R,,N,W
1074,NY94052-6090B,1080,2657,69.6,10.7,2,1,106,8,100,W,,N,Br
SPN PLOT#: 165,OH12-114-5,1081,2611,69.9,12.4,7,1,92,2,100,R,,A,W
1264,NY10086-6-13-1264,1082,2459,69.7,10.7,3,2,100,5,100,W,,N,Br
1192,NY01066,1083,2086,67.4,10.8,3,3,100,5,100,W,,N,W
818,NY05152,1084,2126,70.9,11.1,3,2,104,8,95,R,"Bl/G,10%Br",N,"W,Br"
1265,NY10086-6-14-1265,1085,2453,69.9,9.4,4,1,102,4,100,W,,N,Br
MSU2,MSU Line F1014,1086,2694,66.2,12.3,2,2,92,6,100,W,,N,W
1285,NY10102-1-68-1285,1087,2432,68.9,12.3,1,1,100,6,100,S,,N,W
MSU14,MSU Line F2014R,1088,2364,69.3,11.9,7,0,102,4,100,R,,N,W
1245,NY04006,1089,2349,67.2,11.1,1,1,92,7,100,R,,N,W
880,NY07088,1090,2228,71.6,10.4,2,0,100,5,85,M,"T/S, 10% A,10%Br","N,A","W,Br"
1300,NY10108-2-87-1300,1091,2281,67.1,11.6,0,4,96,5,100,S,,N,W
1246,NY03060,1092,2162,66.7,11.2,2,0,108,7,100,W,,N,Br
SPN PLOT#: 527,OH12-238-62,1093,2698,74,12.8,4,0,104,2,100,R,,N,W
SPN PLOT#: 729,OH12-288-27,1094,2291,72.5,10.4,3,2,104,4,100,R,,N,W
1059,X08-39D,1095,2532,72.7,11.8,3,0,96,6,100,R,,N,W
SPN PLOT#: 41,OH12-91-67,1096,2453,70.9,10.8,2,0,92,4,100,R,10%Br,N,"W,Br"
1166,NY99045,1097,2266,68.7,10.4,1,0,94,7,95,W,,N,W
1276,NY10102-1-14-1276,1098,2480,67.4,11.2,2,1,100,5,100,S,,N,W
1294,NY10108-2-47-1294,1099,2348,69.9,11.4,2,4,100,7,100,S,,N,W
1281,NY10102-1-29-1281,1100,2645,69.4,11.4,2,0,102,5,100,S,10%Br,N,"W,Br"
MSU3,MSU Line F1026R,1101,2561,70.7,11.4,3,1,88,4,100,R,,N,W
MSU21,MSU Line F2028R,1102,2403,70.9,12.8,3,1,98,4,100,R,,N,W
1184,NY01003,1103,2321,68.5,9.9,2,1,104,8,100,W,,N,W
1290,NY10108-2-16-1290,1104,1906,69.1,9.5,1,2,94,4,100,W,,N,W
MSU12,MSU Line F2010,1105,1970,67.3,10.4,1,0,84,2,100,W,,N,W
1298,NY10108-2-77-1298,1106,2168,69.2,11.5,0,4,92,8,100,S,,N,W
1266,NY10086-6-27-1266,1107,2429,68.8,12.1,1,1,98,5,100,W,W/Br,N,W/Br
806,NY02008,1108,1997,70,10.6,2,1,110,10,95,W,,N,W
SPN PLOT#: 784,OH12-319-20,1109,2413,68.4,10.2,5,0,100,3,100,R,,N,W
1063,VA05W-251,1110,2116,70.5,10.1,2,0,98,6,95,R,"10%T,10%Br",N,"W,Br"
1183,NY01003,1111,2376,69.8,10.5,1,0,98,10,95,W,,A,W
1218,NY03143,1112,1849,67.8,11.5,2,1,98,8,85,R,"10% Bl,10%W",N,"Br,W"
808,NY02008,1113,2443,71.2,12.2,2,1,108,9,100,W,10%Br,N,"W,Br"
SPN PLOT#: 271,OH12-169-48,1114,2506,69.7,12.8,0,0,84,3,100,R,,N,W
SPN PLOT#: 835,OH12-298-1,1115,2194,71,10.5,5,0,110,2,100,R,,A,W
1193,NY01066,1116,2156,66.9,9.7,3,0,90,5,100,R,,N,W
MSU20,MSU Line F2026,1117,2168,70.9,11,2,0,110,3,100,W,,A,W
1271,NY10089-2-02-1271,1118,2599,68.7,12.3,3,0,98,2,100,W,,N,W
MSU19,MSU Line F2024R,1119,2342,71,11.3,2,0,98,3,100,R,,N,W
1098,09067-2-86,1120,2207,70.2,10.3,1,0,88,5,100,R,,N,W
1272,NY10102-1-02-1272,1121,2505,68.8,13,2,0,98,5,100,S,10%Br,N,"W,Br"
833,NY05158,1122,2343,69.7,12.4,3,0,84,3,100,W,,N,Br
1086,09058-1-23,1123,1837,66.2,11.3,4,1,100,6,100,W,,N,W
405,NY07014,1124,2281,68.3,11.1,2,0,108,8,90,W,,N,Br
1270,NY10087-1-02-1270,1125,2247,71,11.4,2,2,108,8,100,W,,N,Br
1306,NY10127-10-22-1306,1126,2129,67.2,12.4,0,0,104,7,100,W,,N,Br
MSU11,MSU Line F2008,1127,2406,65.4,11.3,3,1,90,6,100,W,,N,W
1293,NY10108-2-46-1293,1128,2203,71.4,10.9,0,4,96,5,100,R,,N,W
SPN PLOT#: 375,OH12-209-46,1129,2438,73.9,11,1,0,100,2,100,R,,N,W
625,MO 080104,1130,2412,74,11.5,6,4,102,2,100,,,N,W
1168,NY99045,1131,2431,69.4,10.8,5,1,100,6,90,W,"10% N,10%Br","A,N","W,Br"
477Ots,Check_Otsego,1132,2485,71,12.3,4,2,106,4,100,R,,N,W
SPN PLOT#: 675,OH12-282-67,1133,2568,72,12.2,2,0,96,2,100,R,,N,W
1199,NY02003,1134,1901,68.2,11.3,0,0,100,5,100,W,,N,W
864,NY05158,1135,2275,70,10.9,3,1,76,1,90,M,,N,Br
SPN PLOT#: 156,OH12-104-72,1136,2518,72.2,10.6,3,0,96,2,100,R,,N,W
1202,NY02003,1137,1608,66.2,10.7,2,1,98,6,85,W,,A,W
825,NY05152,1138,2158,71.6,11,3,2,92,4,100,R,,N,W
1234,NY04126,1139,2126,69.3,9.2,3,1,108,8,100,R,,N,W
1190,NY01023,1140,1974,67.7,10.5,1,0,82,3,100,R,"10% T, 10% G,10%Br",N,"W,Br"
1286,NY10102-1-71-1286,1141,2428,68.7,12.2,2,0,98,5,100,W,,N,W
1116,09079-6-39,1142,2243,68.9,10.5,2,0,104,7,100,W,,N,Br
1275,NY10102-1-13-1275,1143,2113,70,11,1,1,100,6,100,S,,N,W
1274,NY10102-1-08-1274,1144,2356,69.3,11.8,1,1,98,6,100,S,,N,W
SPN PLOT#: 60,OH12-67-50,1145,2660,72.1,12.2,4,1,100,2,100,R,,N,W
SPN PLOT#: 878,OH12-328-74,1146,2382,74.7,12.1,2,0,108,2,100,R,,N,W
821,NY05152,1147,2113,70.3,12.9,1,0,100,8,95,W,,N,W
SPN PLOT#: 557,OH12-242-4,1148,2206,71.9,11.7,0,0,92,1,100,R,,N,W
629,ML06-2097,1149,2788,71.9,12.1,3,3,96,4,100,R,,N,W
1299,NY10108-2-85-1299,1150,2323,68.2,11.6,2,2,96,7,100,W,,N,W
1288,NY10108-2-11-1288,1151,2290,68.8,11.4,1,3,98,6,100,S,,N,W
1049,Envoy,1152,2143,69.1,9.6,2,0,94,6,100,W,"10% N,10%Br","A,N","W,Br"
1227,NY03076,1153,2213,68.6,10.5,4,1,90,5,100,R,,N,W
1069,09068-5-19,1154,2026,71.1,9.9,3,1,120,6,100,R,T/S,N,W
1262,NY10086-6-03-1262,1155,1961,70.6,11.9,2,1,106,5,100,W,,N,Br
SPN PLOT#: 750,OH12-317-57,1156,2322,74,12.7,2,0,108,3,100,R,,A,W
1301,NY10126-3-12-1301,1157,1856,70.7,11.7,1,2,100,7,95,W,A/N,A/N,W
MSU13,MSU Line F2012,1158,2305,67.6,11.7,2,1,106,5,100,W,,A,W
1292,NY10108-2-30-1292,1159,1862,67.3,11.7,0,3,98,7,100,W,,N,W
290,Ava,1160,2190,71.3,11.4,3,1,106,8,100,W,10%Br,N,"W,Br"
473,7730R,1161,2377,72.8,11.7,2,0,100,2,100,R,,N,W
1289,NY10108-2-13-1289,1162,1978,71.3,10.3,1,1,98,5,100,S,,N,W
MSU23,MSU Line F2033,1163,2238,69.4,11.2,1,2,98,5,100,W,,A,W
MSU4,MSU Line F1029,1164,2394,68.2,10.5,2,0,94,2,100,W,,N,W
716,NY01016-AN,1165,2175,69.6,10.4,1,0,100,4,95,W,,A,W
848,NY05158,1166,2353,69.7,13.1,2,0,82,4,100,W,,N,Br
813,NY02008,1167,2371,67,11.5,2,3,106,9,90,W,,N,W
862,NY05158,1168,2064,69.2,11.2,4,2,98,5,95,M,,N,Br
1253,NY04047,1169,2139,64.8,10.4,2,0,88,5,100,W,,N,W
1278,NY10102-1-19-1278,1170,1897,68,9.3,2,1,98,5,100,W,,N,W
1175,NY99056,1171,1899,69.1,9,3,0,98,8,100,W,"10% A,10%Br","N,A","W,Br"
1269,NY10087-1-01-1269,1172,2242,70.1,10.7,3,1,100,8,100,W,,N,Br
SPN PLOT#: 753,OH12-289-4,1173,2353,72.8,12.4,6,2,116,1,100,R,"10% N,10%Br","A,N","W,Br"
879,NY07085,1174,2231,68,12,4,1,108,6,95,M,"T/S, A/N","N,A",W
872,NY07073,1175,2510,69.9,12.3,3,1,102,3,100,W,"10% Bl, 10% N","A,N",W
MSU6,MSU Line F1049,1176,2386,69.6,10.9,3,1,102,3,100,W,"10%T, 10%Br",N,"W,Br"
1171,NY99048,1177,2200,65.4,11.1,3,1,104,7,100,W,,N,W
1296,NY10108-2-64-1296,1178,2233,69.8,11.5,1,2,100,6,100,S,,N,W
904,NY09090-60,1179,2221,69.1,10.8,2,0,100,5,100,W,,N,W
SPN PLOT#: 578,OH12-299-41,1180,2259,74.1,11.8,2,1,96,3,100,R,10% T,A,W
999,NY09112-10,1181,2080,70.7,12.5,2,0,108,6,100,W,Bl/G,A,W/Br
1280,NY10102-1-26-1280,1182,2290,68.8,12.3,1,0,98,6,100,S,,N,W
1267,NY10086-6-33-1267,1183,2295,70.4,11.8,1,0,106,5,100,W,W/Br,N,W/Br
SPN PLOT#: 192,OH12-127-70,1184,2135,72.3,11.2,3,0,100,1,100,R,,N,W
1179,NY00020,1185,2228,70.6,12.3,1,0,86,6,100,R,,N,W
820,NY05152,1186,2295,69.3,12.4,1,0,88,4,100,M,"Ht, 10% Bl,10%W",N,"Br,W"
1283,NY10102-1-50-1283,1187,2239,70,9.4,2,1,108,4,100,S,,N,W
627,XY04-37,1188,2264,69,10.4,1,0,84,2,100,R,,N,W
1052,MSU Line E8052,1189,2159,68.5,10.9,1,0,88,3,95,W,,A,W
1197,NY02003,1190,2141,66.1,11.5,0,0,84,3,100,W,,N,W
1307,NY10127-10-36-1307,1191,1744,70.1,11.4,0,0,94,5,100,W,20%Br,N,"W,Br"
262-Jen,Check_Jensen,1192,2216,69.7,10.8,1,0,105,7,100,W,,N,Br
1114,09079-6-07,1193,1800,69.3,12.1,0,0,98,8,90,W,,N,Br
SPN PLOT#: 150,OH12-123-5,1194,2303,67.9,12.1,1,0,84,2,100,R,10% T,N,W
631,MH06*2820,1195,2676,71.4,12.5,3,1,92,3,100,R,,A,W
MSU7,MSU Line F1051,1196,2329,70.2,11,5,0,108,4,100,W,,N,W
878,NY07083,1197,2207,67.7,10.6,2,1,88,3,100,W,,N,W
1295,NY10108-2-50-1295,1198,2315,70.9,10.8,1,2,98,8,95,S,,N,W
835,NY05158,1199,2293,71.1,10.5,2,1,80,3,100,W,,N,Br
SPN PLOT#: 417,OH12-195-41,1200,2489,67.2,11.1,3,0,94,2,100,R,,N,W
866,NY05158,1201,2462,69.1,11,5,1,94,3,95,W,"T/S, A/N,W/Br",A/N,W/Br
MSU16,MSU Line F2018,1202,2287,66.4,10,2,2,94,2,95,W,,N,W
SPN PLOT#: 200,OH12-133-62,1203,2355,64.1,8.7,6,0,88,4,100,R,10% A,N,W
SPN PLOT#: 237,OH12-135-17,1204,2132,72.3,10.4,5,1,98,3,100,R,,N,W
1055,TW531-003,1205,2188,70.5,12.5,3,0,96,9,100,W,,N,W
1248,NY03060,1206,2012,65.2,10.6,3,0,104,8,90,W,,N,W
MSU22,MSU Line F2031,1207,2462,64.9,10.9,1,0,90,3,95,W,,N,W
859,NY05158,1208,2301,70.6,11.4,2,1,82,4,100,W,,N,Br
288,Pioneer 25W36,1209,2352,69.3,10.9,3,0,94,4,100,W,,N,W
SPN PLOT#: 808,OH12-297-15,1210,2265,70.5,11.1,2,1,106,3,100,R,,N,W
1164,NY99034,1211,2245,69.2,10.9,1,2,104,5,100,W,,A,W
1308,NY10127-10-62-1308,1212,2130,67.8,10.5,0,0,98,8,100,W,,N,W
482,RO65,1213,2335,71.3,11.5,0,2,94,3,100,R,,N,W
617,FSX888,1214,2393,72.8,12.9,2,0,94,5,95,R,,N,W
440,IL04-8445,1215,2441,73.1,11.5,2,0,90,2,100,R,10%Br,N,"W,Br"
SPN PLOT#: 205,OH12-118-61,1216,2306,72.4,12.4,1,0,94,1,100,R,,N,W
MSU24,MSU Line F2035,1217,2322,65.6,10.7,2,0,102,2,100,W,,N,W
1191,NY01026,1218,2183,69.2,12.6,3,1,96,6,95,R,,N,Br
874,NY07075,1219,2030,69.9,12.6,2,0,98,4,100,W,?ht,N,W
SPN PLOT#: 28,OH12-66-41,1220,2035,70.6,11,3,2,102,1,100,R,10%Br,N,"W,Br"
814,NY02008,1221,1975,68.3,11.1,2,0,108,10,100,W,,N,W
839,NY05158,1222,2070,70.2,9.7,2,0,80,2,95,W,,N,Br
1180,NY00020,1223,2603,71.5,12.1,3,0,98,3,100,R,,A,W
SPN PLOT#: 690,OH12-293-29,1224,2356,70.5,11.7,3,0,100,3,90,R,,A,W
1232,NY04033,1225,2176,66.8,12,3,0,104,6,95,W,,N,Br
SPN PLOT#: 510,OH12-259-48,1226,2312,73.4,12.9,3,0,98,2,100,R,,N,W
841,NY05158,1227,2058,70.8,12.3,0,0,76,3,95,W,,N,Br
461,Z03-0496,1228,2411,72.7,11.8,1,0,88,1,100,R,10%Br,N,"W,Br"
901,NY09090-2,1229,2196,68.9,11,1,0,96,4,100,W,,N,W
1189,NY01020,1230,1947,67.3,10.3,0,0,80,6,90,W,,A,W
1220,NY04098,1231,2408,65.6,10.7,1,0,110,8,95,W,,N,W
1304,NY10126-3-70-1304,1232,2363,68.6,10.8,0,1,94,5,100,W,A/N,A/N,W
1064,VA08W-176,1233,2546,72.2,11.5,1,0,90,6,90,R,,N,W
436,B030543,1234,2726,73.1,12.9,4,0,92,4,100,R,,N,W
MSU18,MSU Line F2022,1235,2250,65.1,11.4,1,0,100,8,95,W,,A,W
MSU8,MSU Line F2002,1236,2195,72.3,12.6,1,2,94,7,90,W,,A,W
1250,NY04044,1237,2327,66.2,10.5,6,0,108,8,95,W,,N,W
1081,09040-1-12,1238,1744,65.3,9.3,5,1,130,6,100,W,,N,Br
,,,,,,,,,,,,,,
,,,,,,,,,,,,,,
,,,,,,,,,,,,, ,
